	Cu source	Cu source SMILES	Ligand	Ligand SMILES	Ligand equiv.	Base	Base SMILES	Base equiv.	Solvent	Solvent SMILES	Molarity	T [Â°C]	BnNH2 equiv.	Yield of 3aa	Conversion of 1a	Round	Acquisition type
0	Cu(OAc)2	[O+]1C(C)O[Cu-3]23([OH2+])[O+]C(C)O[Cu-3]1([OH2+])(OC(C)[O+]2)OC(C)[O+]3	L5	CC(C)C(=O)2CCCc1cccnc12	0.05	Cs2CO3	[Cs+].[Cs+].[O-]C([O-])=O	2.0	PhMe	Cc1ccccc1	0.5	60	1.5	0.0	6.01	0	TS
1	Cu(OAc)2	[O+]1C(C)O[Cu-3]23([OH2+])[O+]C(C)O[Cu-3]1([OH2+])(OC(C)[O+]2)OC(C)[O+]3	L8	Cc2ccc(C(O)(c1ccc[nH]1)C(F)(F)F)cc2	0.05	Cs2CO3	[Cs+].[Cs+].[O-]C([O-])=O	2.0	PhMe	Cc1ccccc1	1.0	80	1.1	0.0	2.52	0	TS
2	Cu(OAc)2	[O+]1C(C)O[Cu-3]23([OH2+])[O+]C(C)O[Cu-3]1([OH2+])(OC(C)[O+]2)OC(C)[O+]3	L10	Cc1cccc(C)c1NC(=O)C(=O)O	0.05	Et3N	CCN(CC)CC	1.0	EtOH	OCC	0.5	60	1.1	0.0	11.24	0	TS
3	Cu2O	[Cu]O[Cu]	L3	C1CCC(C(C1)N)N	0.1	TBAO	[I-].CCCC[N+](CCCC)(CCCC)CCCC	2.0	EtOH	OCC	1.0	80	1.5	20.63	74.42	0	TS
4	CuBr	Br[Cu]	L5	CC(C)C(=O)2CCCc1cccnc12	0.1	NaOtBu	[Na+].[O-]C(C)(C)C	0.5	PhMe	Cc1ccccc1	1.0	60	1.1	0.0	34.35	0	TS
5	Cu2O	[Cu]O[Cu]	L5	CC(C)C(=O)2CCCc1cccnc12	0.1	Et3N	CCN(CC)CC	1.0	2Me-THF	O1C(C)CCC1	1.0	80	1.1	4.61	16.06	0	TS
6	CuCl	Cl[Cu]	L1	OCCO	0.05	Cs2CO3	[Cs+].[Cs+].[O-]C([O-])=O	1.0	2Me-THF	O1C(C)CCC1	1.0	60	1.1	0.0	16.97	0	TS
7	Cu2O	[Cu]O[Cu]	L9	O=n2cccc1cccc(O)c12	0.1	NaOtBu	[Na+].[O-]C(C)(C)C	2.0	2Me-THF	O1C(C)CCC1	1.0	60	1.5	0.0	63.52	0	TS
8	Cu(OAc)2	[O+]1C(C)O[Cu-3]23([OH2+])[O+]C(C)O[Cu-3]1([OH2+])(OC(C)[O+]2)OC(C)[O+]3	L1	OCCO	0.1	NaOAc	[Na+].[O-]C(=O)C	2.0	ACN	CC#N	1.0	60	1.1	3.1	3.7	1	TS
9	Cu(OAc)2	[O+]1C(C)O[Cu-3]23([OH2+])[O+]C(C)O[Cu-3]1([OH2+])(OC(C)[O+]2)OC(C)[O+]3	L4	C1C[C@H](NC1)C(=O)O	0.05	K3PO4	[K+].[K+].[K+].[O-]P([O-])([O-])=O	2.0	EtOH	OCC	1.0	80	1.5	23.55	85.22	1	TS
10	CuBr	Br[Cu]	L4	C1C[C@H](NC1)C(=O)O	0.05	NaOAc	[Na+].[O-]C(=O)C	1.0	DMSO	CS(=O)C	1.0	60	1.1	19.23	28.0	1	TS
11	CuCl	Cl[Cu]	L4	C1C[C@H](NC1)C(=O)O	0.05	K3PO4	[K+].[K+].[K+].[O-]P([O-])([O-])=O	1.0	iBuOH	CC(C)CO	1.0	80	1.5	33.45	77.25	1	TS
12	CuCl	Cl[Cu]	L2	CN(C)CCO	0.1	NaOAc	[Na+].[O-]C(=O)C	1.0	EtOH	OCC	1.0	80	1.5	13.89	37.61	1	TS
13	CuBr	Br[Cu]	L3	C1CCC(C(C1)N)N	0.05	TBAO	[I-].CCCC[N+](CCCC)(CCCC)CCCC	0.5	DMSO	CS(=O)C	1.0	80	1.5	22.09	57.66	1	TS
14	CuCl	Cl[Cu]	L6	CCN(CC)C(=O)c1ccccc1O	0.1	Et3N	CCN(CC)CC	1.0	iBuOH	CC(C)CO	1.0	80	1.1	3.2	3.35	1	TS
15	CuI	[Cu]I	L7	CC(C)(C)CC(=O)CC(=O)CC(C)(C)C	0.1	TBAO	[I-].CCCC[N+](CCCC)(CCCC)CCCC	0.5	iBuOH	CC(C)CO	1.0	80	1.5	20.31	32.44	1	TS
16	Cu(OAc)2	[O+]1C(C)O[Cu-3]23([OH2+])[O+]C(C)O[Cu-3]1([OH2+])(OC(C)[O+]2)OC(C)[O+]3	L3	C1CCC(C(C1)N)N	0.05	NaOtBu	[Na+].[O-]C(C)(C)C	2.0	iBuOH	CC(C)CO	0.5	80	1.1	0.0	100.0	2	TS
17	Cu2O	[Cu]O[Cu]	L2	CN(C)CCO	0.05	NaOtBu	[Na+].[O-]C(C)(C)C	1.0	DMSO	CS(=O)C	1.0	80	1.5	2.12	100.0	2	TS
18	CuCl	Cl[Cu]	L8	Cc2ccc(C(O)(c1ccc[nH]1)C(F)(F)F)cc2	0.1	K3PO4	[K+].[K+].[K+].[O-]P([O-])([O-])=O	1.0	2Me-THF	O1C(C)CCC1	0.5	60	1.5	0.31	0.39	2	TS
19	CuCl	Cl[Cu]	L10	Cc1cccc(C)c1NC(=O)C(=O)O	0.1	TBAO	[I-].CCCC[N+](CCCC)(CCCC)CCCC	1.0	ACN	CC#N	1.0	60	1.5	3.38	12.01	2	TS
20	CuBr	Br[Cu]	L8	Cc2ccc(C(O)(c1ccc[nH]1)C(F)(F)F)cc2	0.1	K3PO4	[K+].[K+].[K+].[O-]P([O-])([O-])=O	0.5	2Me-THF	O1C(C)CCC1	0.5	60	1.1	10.92	20.02	2	TS
21	CuCl	Cl[Cu]	L5	CC(C)C(=O)2CCCc1cccnc12	0.1	K3PO4	[K+].[K+].[K+].[O-]P([O-])([O-])=O	1.0	2Me-THF	O1C(C)CCC1	1.0	80	1.5	4.91	15.14	2	TS
22	Cu(OAc)2	[O+]1C(C)O[Cu-3]23([OH2+])[O+]C(C)O[Cu-3]1([OH2+])(OC(C)[O+]2)OC(C)[O+]3	L4	C1C[C@H](NC1)C(=O)O	0.05	Cs2CO3	[Cs+].[Cs+].[O-]C([O-])=O	0.5	2Me-THF	O1C(C)CCC1	1.0	60	1.5	0.67	11.31	2	TS
23	CuI	[Cu]I	L9	O=n2cccc1cccc(O)c12	0.1	NaOtBu	[Na+].[O-]C(C)(C)C	2.0	DMSO	CS(=O)C	1.0	60	1.5	0.0	100.0	2	TS
24	Cu(OAc)2	[O+]1C(C)O[Cu-3]23([OH2+])[O+]C(C)O[Cu-3]1([OH2+])(OC(C)[O+]2)OC(C)[O+]3	L8	Cc2ccc(C(O)(c1ccc[nH]1)C(F)(F)F)cc2	0.05	KOH	[K+].[OH-]	1.0	DMSO	CS(=O)C	1.0	80	1.1	16.69	76.32	3	TS
25	Cu2O	[Cu]O[Cu]	L4	C1C[C@H](NC1)C(=O)O	0.1	K2CO3	C(=O)([O-])[O-].[K+].[K+]	1.0	iBuOH	CC(C)CO	1.0	80	1.1	33.99	45.7	3	TS
26	CuCl	Cl[Cu]	L6	CCN(CC)C(=O)c1ccccc1O	0.1	NaOAc	[Na+].[O-]C(=O)C	1.0	EtOH	OCC	0.5	60	1.1	1.3	10.46	3	TS
27	CuCl	Cl[Cu]	L1	OCCO	0.1	Et3N	CCN(CC)CC	1.0	ACN	CC#N	1.0	80	1.1	3.77	14.7	3	TS
28	CuCl	Cl[Cu]	L7	CC(C)(C)CC(=O)CC(=O)CC(C)(C)C	0.05	NaOAc	[Na+].[O-]C(=O)C	1.0	2Me-THF	O1C(C)CCC1	0.5	80	1.1	2.21	14.75	3	TS
29	CuBr	Br[Cu]	L11	Cc2ccc1ccccc1c2NC(=O)C(=O)NCc3ccccc3	0.05	KOH	[K+].[OH-]	2.0	EtOH	OCC	0.5	60	1.1	0.0	-7.88	3	TS
30	CuCl	Cl[Cu]	L3	C1CCC(C(C1)N)N	0.1	NaOAc	[Na+].[O-]C(=O)C	1.0	PhMe	Cc1ccccc1	1.0	80	1.1	1.39	20.57	3	TS
31	CuI	[Cu]I	L8	Cc2ccc(C(O)(c1ccc[nH]1)C(F)(F)F)cc2	0.05	NaOAc	[Na+].[O-]C(=O)C	1.0	DMSO	CS(=O)C	1.0	80	1.5	33.53	56.73	3	TS
32	Cu(OAc)2	[O+]1C(C)O[Cu-3]23([OH2+])[O+]C(C)O[Cu-3]1([OH2+])(OC(C)[O+]2)OC(C)[O+]3	L5	CC(C)C(=O)2CCCc1cccnc12	0.1	TBAO	[I-].CCCC[N+](CCCC)(CCCC)CCCC	2.0	PhMe	Cc1ccccc1	1.0	80	1.1	11.27	66.65	4	TS
33	Cu2O	[Cu]O[Cu]	L4	C1C[C@H](NC1)C(=O)O	0.05	Et3N	CCN(CC)CC	1.0	PhMe	Cc1ccccc1	0.5	60	1.1	2.1	21.9	4	TS
34	Cu2O	[Cu]O[Cu]	L7	CC(C)(C)CC(=O)CC(=O)CC(C)(C)C	0.1	Et3N	CCN(CC)CC	2.0	DMSO	CS(=O)C	0.5	80	1.1	25.03	42.46	4	TS
35	CuCl	Cl[Cu]	L5	CC(C)C(=O)2CCCc1cccnc12	0.05	K3PO4	[K+].[K+].[K+].[O-]P([O-])([O-])=O	1.0	EtOH	OCC	1.0	60	1.1	18.38	50.8	4	TS
36	CuBr	Br[Cu]	L4	C1C[C@H](NC1)C(=O)O	0.05	Cs2CO3	[Cs+].[Cs+].[O-]C([O-])=O	1.0	PhMe	Cc1ccccc1	1.0	80	1.1	8.28	29.5	4	TS
37	CuBr	Br[Cu]	L3	C1CCC(C(C1)N)N	0.1	Et3N	CCN(CC)CC	0.5	iBuOH	CC(C)CO	0.5	60	1.5	1.75	26.6	4	TS
38	CuCl	Cl[Cu]	L9	O=n2cccc1cccc(O)c12	0.1	Cs2CO3	[Cs+].[Cs+].[O-]C([O-])=O	1.0	EtOH	OCC	1.0	80	1.5	37.41	100.0	4	TS
39	CuI	[Cu]I	L5	CC(C)C(=O)2CCCc1cccnc12	0.05	K2CO3	C(=O)([O-])[O-].[K+].[K+]	1.0	DMSO	CS(=O)C	0.5	80	1.5	30.18	59.88	4	TS
40	Cu(OAc)2	[O+]1C(C)O[Cu-3]23([OH2+])[O+]C(C)O[Cu-3]1([OH2+])(OC(C)[O+]2)OC(C)[O+]3	L9	O=n2cccc1cccc(O)c12	0.1	NaOAc	[Na+].[O-]C(=O)C	1.0	DMSO	CS(=O)C	1.0	80	1.1	30.3	40.01	5	TS
41	CuBr	Br[Cu]	L6	CCN(CC)C(=O)c1ccccc1O	0.05	NaOAc	[Na+].[O-]C(=O)C	1.0	2Me-THF	O1C(C)CCC1	0.5	80	1.1	1.67	8.12	5	TS
42	CuCl	Cl[Cu]	L6	CCN(CC)C(=O)c1ccccc1O	0.1	NaOtBu	[Na+].[O-]C(C)(C)C	2.0	ACN	CC#N	0.5	80	1.1	8.11	80.86	5	TS
43	CuCl	Cl[Cu]	L10	Cc1cccc(C)c1NC(=O)C(=O)O	0.1	NaOtBu	[Na+].[O-]C(C)(C)C	1.0	iBuOH	CC(C)CO	0.5	60	1.1	8.58	79.68	5	TS
44	CuCl	Cl[Cu]	L12	COc2cc(OC)c(NC(=O)C(=O)Nc1c(OC)cc(OC)cc1OC)c(OC)c2	0.05	Et3N	CCN(CC)CC	1.0	ACN	CC#N	0.5	80	1.5	4.0	22.23	5	TS
45	CuCl	Cl[Cu]	L8	Cc2ccc(C(O)(c1ccc[nH]1)C(F)(F)F)cc2	0.05	Cs2CO3	[Cs+].[Cs+].[O-]C([O-])=O	0.5	ACN	CC#N	0.5	60	1.1	1.37	21.35	5	TS
46	CuCl	Cl[Cu]	L4	C1C[C@H](NC1)C(=O)O	0.1	K3PO4	[K+].[K+].[K+].[O-]P([O-])([O-])=O	1.0	ACN	CC#N	1.0	80	1.5	48.52	65.85	5	TS
47	CuI	[Cu]I	L6	CCN(CC)C(=O)c1ccccc1O	0.1	TBAO	[I-].CCCC[N+](CCCC)(CCCC)CCCC	2.0	iBuOH	CC(C)CO	1.0	80	1.5	13.11	64.3	5	TS
48	Cu(OAc)2	[O+]1C(C)O[Cu-3]23([OH2+])[O+]C(C)O[Cu-3]1([OH2+])(OC(C)[O+]2)OC(C)[O+]3	L3	C1CCC(C(C1)N)N	0.1	NaOtBu	[Na+].[O-]C(C)(C)C	2.0	EtOH	OCC	1.0	80	1.5	41.82	98.2	6	TS
49	Cu2O	[Cu]O[Cu]	L4	C1C[C@H](NC1)C(=O)O	0.05	Cs2CO3	[Cs+].[Cs+].[O-]C([O-])=O	1.0	iBuOH	CC(C)CO	1.0	80	1.1	3.33	70.55	6	TS
50	CuI	[Cu]I	L1	OCCO	0.1	K3PO4	[K+].[K+].[K+].[O-]P([O-])([O-])=O	2.0	PhMe	Cc1ccccc1	1.0	60	1.5	1.69	49.28	6	TS
51	CuCl	Cl[Cu]	L5	CC(C)C(=O)2CCCc1cccnc12	0.1	Et3N	CCN(CC)CC	1.0	iBuOH	CC(C)CO	1.0	60	1.1	3.11	16.04	6	TS
52	Cu2O	[Cu]O[Cu]	L3	C1CCC(C(C1)N)N	0.05	TBAO	[I-].CCCC[N+](CCCC)(CCCC)CCCC	2.0	DMSO	CS(=O)C	1.0	80	1.1	22.43	35.29	6	TS
53	Cu2O	[Cu]O[Cu]	L1	OCCO	0.05	Cs2CO3	[Cs+].[Cs+].[O-]C([O-])=O	2.0	DMSO	CS(=O)C	1.0	80	1.5	14.04	75.16	6	TS
54	CuCl	Cl[Cu]	L4	C1C[C@H](NC1)C(=O)O	0.1	KOH	[K+].[OH-]	0.5	2Me-THF	O1C(C)CCC1	1.0	60	1.5	0.65	5.85	6	TS
55	CuI	[Cu]I	L9	O=n2cccc1cccc(O)c12	0.1	TBAO	[I-].CCCC[N+](CCCC)(CCCC)CCCC	2.0	2Me-THF	O1C(C)CCC1	1.0	60	1.5	12.43	62.46	6	TS
56	Cu(OAc)2	[O+]1C(C)O[Cu-3]23([OH2+])[O+]C(C)O[Cu-3]1([OH2+])(OC(C)[O+]2)OC(C)[O+]3	L7	CC(C)(C)CC(=O)CC(=O)CC(C)(C)C	0.1	NaOtBu	[Na+].[O-]C(C)(C)C	0.5	DMSO	CS(=O)C	0.5	60	1.5	23.83	57.17	7	TS
57	Cu2O	[Cu]O[Cu]	L2	CN(C)CCO	0.1	KOH	[K+].[OH-]	2.0	ACN	CC#N	1.0	80	1.5	13.84	100.0	7	TS
58	CuBr	Br[Cu]	L7	CC(C)(C)CC(=O)CC(=O)CC(C)(C)C	0.05	TBAO	[I-].CCCC[N+](CCCC)(CCCC)CCCC	0.5	2Me-THF	O1C(C)CCC1	0.5	60	1.5	9.55	23.32	7	TS
59	Cu2O	[Cu]O[Cu]	L8	Cc2ccc(C(O)(c1ccc[nH]1)C(F)(F)F)cc2	0.1	K2CO3	C(=O)([O-])[O-].[K+].[K+]	1.0	DMSO	CS(=O)C	0.5	60	1.1	6.59	17.15	7	TS
60	CuCl	Cl[Cu]	L12	COc2cc(OC)c(NC(=O)C(=O)Nc1c(OC)cc(OC)cc1OC)c(OC)c2	0.05	K3PO4	[K+].[K+].[K+].[O-]P([O-])([O-])=O	2.0	DMSO	CS(=O)C	0.5	60	1.5	26.71	42.07	7	TS
61	CuCl	Cl[Cu]	L8	Cc2ccc(C(O)(c1ccc[nH]1)C(F)(F)F)cc2	0.05	KOH	[K+].[OH-]	2.0	iBuOH	CC(C)CO	0.5	60	1.1	0.0	100.0	7	TS
62	CuCl	Cl[Cu]	L3	C1CCC(C(C1)N)N	0.05	K3PO4	[K+].[K+].[K+].[O-]P([O-])([O-])=O	1.0	EtOH	OCC	0.5	80	1.5	12.49	75.26	7	TS
63	CuBr	Br[Cu]	L12	COc2cc(OC)c(NC(=O)C(=O)Nc1c(OC)cc(OC)cc1OC)c(OC)c2	0.1	TBAO	[I-].CCCC[N+](CCCC)(CCCC)CCCC	0.5	DMSO	CS(=O)C	1.0	60	1.1	9.62	40.43	7	TS
64	Cu(OAc)2	[O+]1C(C)O[Cu-3]23([OH2+])[O+]C(C)O[Cu-3]1([OH2+])(OC(C)[O+]2)OC(C)[O+]3	L9	O=n2cccc1cccc(O)c12	0.1	TBAO	[I-].CCCC[N+](CCCC)(CCCC)CCCC	2.0	EtOH	OCC	1.0	80	1.1	13.06	82.12	8	TS
65	Cu(OAc)2	[O+]1C(C)O[Cu-3]23([OH2+])[O+]C(C)O[Cu-3]1([OH2+])(OC(C)[O+]2)OC(C)[O+]3	L12	COc2cc(OC)c(NC(=O)C(=O)Nc1c(OC)cc(OC)cc1OC)c(OC)c2	0.05	K3PO4	[K+].[K+].[K+].[O-]P([O-])([O-])=O	2.0	iBuOH	CC(C)CO	1.0	80	1.1	64.47	80.45	8	TS
66	CuBr	Br[Cu]	L7	CC(C)(C)CC(=O)CC(=O)CC(C)(C)C	0.05	K2CO3	C(=O)([O-])[O-].[K+].[K+]	1.0	DMSO	CS(=O)C	1.0	80	1.5	59.01	70.1	8	TS
67	CuCl	Cl[Cu]	L2	CN(C)CCO	0.1	K2CO3	C(=O)([O-])[O-].[K+].[K+]	0.5	2Me-THF	O1C(C)CCC1	0.5	80	1.5	3.29	15.46	8	TS
68	Cu2O	[Cu]O[Cu]	L3	C1CCC(C(C1)N)N	0.05	Et3N	CCN(CC)CC	2.0	PhMe	Cc1ccccc1	0.5	80	1.5	1.62	11.5	8	TS
69	CuBr	Br[Cu]	L1	OCCO	0.05	Et3N	CCN(CC)CC	2.0	2Me-THF	O1C(C)CCC1	0.5	60	1.5	0.41	4.39	8	TS
70	CuCl	Cl[Cu]	L1	OCCO	0.1	Et3N	CCN(CC)CC	1.0	2Me-THF	O1C(C)CCC1	1.0	80	1.5	2.65	24.3	8	TS
71	CuI	[Cu]I	L9	O=n2cccc1cccc(O)c12	0.1	Et3N	CCN(CC)CC	1.0	DMSO	CS(=O)C	0.5	60	1.5	10.77	27.53	8	TS
72	Cu(OAc)2	[O+]1C(C)O[Cu-3]23([OH2+])[O+]C(C)O[Cu-3]1([OH2+])(OC(C)[O+]2)OC(C)[O+]3	L9	O=n2cccc1cccc(O)c12	0.1	K2CO3	C(=O)([O-])[O-].[K+].[K+]	1.0	ACN	CC#N	1.0	80	1.1	16.24	29.99	9	TS
73	Cu2O	[Cu]O[Cu]	L10	Cc1cccc(C)c1NC(=O)C(=O)O	0.1	KOH	[K+].[OH-]	1.0	ACN	CC#N	0.5	80	1.1	32.51	73.13	9	TS
74	CuBr	Br[Cu]	L4	C1C[C@H](NC1)C(=O)O	0.05	Et3N	CCN(CC)CC	1.0	EtOH	OCC	1.0	60	1.5	6.41	15.6	9	TS
75	CuCl	Cl[Cu]	L5	CC(C)C(=O)2CCCc1cccnc12	0.1	Et3N	CCN(CC)CC	0.5	PhMe	Cc1ccccc1	0.5	60	1.1	1.21	14.25	9	TS
76	CuCl	Cl[Cu]	L12	COc2cc(OC)c(NC(=O)C(=O)Nc1c(OC)cc(OC)cc1OC)c(OC)c2	0.05	NaOAc	[Na+].[O-]C(=O)C	1.0	iBuOH	CC(C)CO	0.5	60	1.1	5.57	31.87	9	TS
77	CuCl	Cl[Cu]	L8	Cc2ccc(C(O)(c1ccc[nH]1)C(F)(F)F)cc2	0.05	Cs2CO3	[Cs+].[Cs+].[O-]C([O-])=O	2.0	DMSO	CS(=O)C	0.5	60	1.1	9.61	32.29	9	TS
78	CuCl	Cl[Cu]	L3	C1CCC(C(C1)N)N	0.05	NaOAc	[Na+].[O-]C(=O)C	2.0	ACN	CC#N	1.0	60	1.1	1.43	7.47	9	TS
79	CuI	[Cu]I	L9	O=n2cccc1cccc(O)c12	0.1	NaOAc	[Na+].[O-]C(=O)C	1.0	EtOH	OCC	1.0	60	1.1	4.97	35.4	9	TS
80	Cu(OAc)2	[O+]1C(C)O[Cu-3]23([OH2+])[O+]C(C)O[Cu-3]1([OH2+])(OC(C)[O+]2)OC(C)[O+]3	L8	Cc2ccc(C(O)(c1ccc[nH]1)C(F)(F)F)cc2	0.1	K2CO3	C(=O)([O-])[O-].[K+].[K+]	2.0	DMSO	CS(=O)C	1.0	80	1.1	34.54	41.14	10	TS
81	Cu2O	[Cu]O[Cu]	L11	Cc2ccc1ccccc1c2NC(=O)C(=O)NCc3ccccc3	0.05	TBAO	[I-].CCCC[N+](CCCC)(CCCC)CCCC	0.5	iBuOH	CC(C)CO	1.0	80	1.1	30.55	72.78	10	TS
82	CuCl	Cl[Cu]	L12	COc2cc(OC)c(NC(=O)C(=O)Nc1c(OC)cc(OC)cc1OC)c(OC)c2	0.1	K2CO3	C(=O)([O-])[O-].[K+].[K+]	1.0	DMSO	CS(=O)C	0.5	80	1.1	39.52	62.41	10	TS
83	CuCl	Cl[Cu]	L10	Cc1cccc(C)c1NC(=O)C(=O)O	0.05	K3PO4	[K+].[K+].[K+].[O-]P([O-])([O-])=O	0.5	iBuOH	CC(C)CO	0.5	80	1.5	18.42	39.84	10	TS
84	Cu2O	[Cu]O[Cu]	L6	CCN(CC)C(=O)c1ccccc1O	0.05	Cs2CO3	[Cs+].[Cs+].[O-]C([O-])=O	2.0	PhMe	Cc1ccccc1	0.5	80	1.1	0.38	1.0	10	TS
85	CuBr	Br[Cu]	L2	CN(C)CCO	0.05	Et3N	CCN(CC)CC	1.0	EtOH	OCC	0.5	80	1.1	2.95	32.48	10	TS
86	CuCl	Cl[Cu]	L5	CC(C)C(=O)2CCCc1cccnc12	0.05	KOH	[K+].[OH-]	1.0	ACN	CC#N	1.0	80	1.5	37.4	78.95	10	TS
87	Cu2O	[Cu]O[Cu]	L1	OCCO	0.05	KOH	[K+].[OH-]	2.0	ACN	CC#N	1.0	80	1.5	2.75	100.0	10	TS
88	Cu(OAc)2	[O+]1C(C)O[Cu-3]23([OH2+])[O+]C(C)O[Cu-3]1([OH2+])(OC(C)[O+]2)OC(C)[O+]3	L5	CC(C)C(=O)2CCCc1cccnc12	0.05	Cs2CO3	[Cs+].[Cs+].[O-]C([O-])=O	2.0	PhMe	Cc1ccccc1	0.5	60	1.5	0.0	6.01	0	EI
89	Cu(OAc)2	[O+]1C(C)O[Cu-3]23([OH2+])[O+]C(C)O[Cu-3]1([OH2+])(OC(C)[O+]2)OC(C)[O+]3	L8	Cc2ccc(C(O)(c1ccc[nH]1)C(F)(F)F)cc2	0.05	Cs2CO3	[Cs+].[Cs+].[O-]C([O-])=O	2.0	PhMe	Cc1ccccc1	1.0	80	1.1	0.0	2.52	0	EI
90	Cu(OAc)2	[O+]1C(C)O[Cu-3]23([OH2+])[O+]C(C)O[Cu-3]1([OH2+])(OC(C)[O+]2)OC(C)[O+]3	L10	Cc1cccc(C)c1NC(=O)C(=O)O	0.05	Et3N	CCN(CC)CC	1.0	EtOH	OCC	0.5	60	1.1	0.0	11.24	0	EI
91	Cu2O	[Cu]O[Cu]	L3	C1CCC(C(C1)N)N	0.1	TBAO	[I-].CCCC[N+](CCCC)(CCCC)CCCC	2.0	EtOH	OCC	1.0	80	1.5	20.63	74.42	0	EI
92	CuBr	Br[Cu]	L5	CC(C)C(=O)2CCCc1cccnc12	0.1	NaOtBu	[Na+].[O-]C(C)(C)C	0.5	PhMe	Cc1ccccc1	1.0	60	1.1	0.0	34.35	0	EI
93	Cu2O	[Cu]O[Cu]	L5	CC(C)C(=O)2CCCc1cccnc12	0.1	Et3N	CCN(CC)CC	1.0	2Me-THF	O1C(C)CCC1	1.0	80	1.1	4.61	16.06	0	EI
94	CuCl	Cl[Cu]	L1	OCCO	0.05	Cs2CO3	[Cs+].[Cs+].[O-]C([O-])=O	1.0	2Me-THF	O1C(C)CCC1	1.0	60	1.1	0.0	16.97	0	EI
95	Cu2O	[Cu]O[Cu]	L9	O=n2cccc1cccc(O)c12	0.1	NaOtBu	[Na+].[O-]C(C)(C)C	2.0	2Me-THF	O1C(C)CCC1	1.0	60	1.5	0.0	63.52	0	EI
96	CuI	[Cu]I	L3	C1CCC(C(C1)N)N	0.1	TBAO	[I-].CCCC[N+](CCCC)(CCCC)CCCC	2.0	EtOH	OCC	1.0	80	1.5	26.6	92.93	1	EI
97	Cu2O	[Cu]O[Cu]	L3	C1CCC(C(C1)N)N	0.1	TBAO	[I-].CCCC[N+](CCCC)(CCCC)CCCC	0.5	EtOH	OCC	0.5	80	1.5	33.96	90.54	1	EI
98	Cu2O	[Cu]O[Cu]	L3	C1CCC(C(C1)N)N	0.05	TBAO	[I-].CCCC[N+](CCCC)(CCCC)CCCC	2.0	EtOH	OCC	1.0	80	1.5	27.45	81.37	1	EI
99	Cu2O	[Cu]O[Cu]	L3	C1CCC(C(C1)N)N	0.1	TBAO	[I-].CCCC[N+](CCCC)(CCCC)CCCC	2.0	EtOH	OCC	1.0	80	1.1	17.66	65.64	1	EI
100	Cu2O	[Cu]O[Cu]	L3	C1CCC(C(C1)N)N	0.1	TBAO	[I-].CCCC[N+](CCCC)(CCCC)CCCC	2.0	ACN	CC#N	1.0	80	1.5	23.16	44.1	1	EI
101	Cu2O	[Cu]O[Cu]	L3	C1CCC(C(C1)N)N	0.1	TBAO	[I-].CCCC[N+](CCCC)(CCCC)CCCC	2.0	EtOH	OCC	1.0	60	1.5	30.84	72.21	1	EI
102	Cu2O	[Cu]O[Cu]	L3	C1CCC(C(C1)N)N	0.1	KOH	[K+].[OH-]	2.0	EtOH	OCC	1.0	80	1.5	0.0	100.0	1	EI
103	Cu2O	[Cu]O[Cu]	L4	C1C[C@H](NC1)C(=O)O	0.1	TBAO	[I-].CCCC[N+](CCCC)(CCCC)CCCC	2.0	EtOH	OCC	1.0	80	1.5	34.85	80.37	1	EI
104	CuCl	Cl[Cu]	L4	C1C[C@H](NC1)C(=O)O	0.05	TBAO	[I-].CCCC[N+](CCCC)(CCCC)CCCC	0.5	EtOH	OCC	0.5	60	1.5	7.34	16.53	2	EI
105	Cu2O	[Cu]O[Cu]	L4	C1C[C@H](NC1)C(=O)O	0.1	TBAO	[I-].CCCC[N+](CCCC)(CCCC)CCCC	0.5	iBuOH	CC(C)CO	0.5	60	1.5	34.88	66.89	2	EI
106	Cu2O	[Cu]O[Cu]	L7	CC(C)(C)CC(=O)CC(=O)CC(C)(C)C	0.05	TBAO	[I-].CCCC[N+](CCCC)(CCCC)CCCC	0.5	EtOH	OCC	0.5	60	1.5	34.51	67.21	2	EI
107	CuBr	Br[Cu]	L4	C1C[C@H](NC1)C(=O)O	0.1	TBAO	[I-].CCCC[N+](CCCC)(CCCC)CCCC	1.0	EtOH	OCC	0.5	60	1.5	19.41	88.32	2	EI
108	Cu2O	[Cu]O[Cu]	L4	C1C[C@H](NC1)C(=O)O	0.1	TBAO	[I-].CCCC[N+](CCCC)(CCCC)CCCC	0.5	EtOH	OCC	1.0	60	1.5	45.36	80.93	2	EI
109	Cu2O	[Cu]O[Cu]	L4	C1C[C@H](NC1)C(=O)O	0.1	TBAO	[I-].CCCC[N+](CCCC)(CCCC)CCCC	0.5	EtOH	OCC	0.5	80	1.5	30.09	75.47	2	EI
110	Cu2O	[Cu]O[Cu]	L4	C1C[C@H](NC1)C(=O)O	0.1	TBAO	[I-].CCCC[N+](CCCC)(CCCC)CCCC	2.0	EtOH	OCC	0.5	60	1.5	29.43	81.96	2	EI
111	Cu2O	[Cu]O[Cu]	L6	CCN(CC)C(=O)c1ccccc1O	0.1	TBAO	[I-].CCCC[N+](CCCC)(CCCC)CCCC	0.5	EtOH	OCC	0.5	60	1.5	33.06	90.1	2	EI
112	Cu2O	[Cu]O[Cu]	L7	CC(C)(C)CC(=O)CC(=O)CC(C)(C)C	0.1	Et3N	CCN(CC)CC	0.5	DMSO	CS(=O)C	1.0	60	1.1	29.21	39.95	3	EI
113	Cu2O	[Cu]O[Cu]	L7	CC(C)(C)CC(=O)CC(=O)CC(C)(C)C	0.1	TBAO	[I-].CCCC[N+](CCCC)(CCCC)CCCC	0.5	2Me-THF	O1C(C)CCC1	1.0	60	1.5	31.03	66.33	3	EI
114	Cu2O	[Cu]O[Cu]	L9	O=n2cccc1cccc(O)c12	0.1	KOH	[K+].[OH-]	0.5	EtOH	OCC	1.0	60	1.5	5.53	32.74	3	EI
115	Cu2O	[Cu]O[Cu]	L10	Cc1cccc(C)c1NC(=O)C(=O)O	0.1	TBAO	[I-].CCCC[N+](CCCC)(CCCC)CCCC	0.5	PhMe	Cc1ccccc1	1.0	60	1.5	21.86	42.92	3	EI
116	Cu2O	[Cu]O[Cu]	L8	Cc2ccc(C(O)(c1ccc[nH]1)C(F)(F)F)cc2	0.1	TBAO	[I-].CCCC[N+](CCCC)(CCCC)CCCC	0.5	EtOH	OCC	1.0	60	1.1	35.92	69.49	3	EI
117	Cu2O	[Cu]O[Cu]	L4	C1C[C@H](NC1)C(=O)O	0.1	TBAO	[I-].CCCC[N+](CCCC)(CCCC)CCCC	0.5	ACN	CC#N	1.0	60	1.5	27.06	65.06	3	EI
118	Cu2O	[Cu]O[Cu]	L5	CC(C)C(=O)2CCCc1cccnc12	0.1	TBAO	[I-].CCCC[N+](CCCC)(CCCC)CCCC	0.5	EtOH	OCC	1.0	60	1.5	42.58	70.4	3	EI
119	Cu2O	[Cu]O[Cu]	L4	C1C[C@H](NC1)C(=O)O	0.1	NaOtBu	[Na+].[O-]C(C)(C)C	0.5	EtOH	OCC	1.0	60	1.5	16.72	67.95	3	EI
120	CuI	[Cu]I	L5	CC(C)C(=O)2CCCc1cccnc12	0.05	TBAO	[I-].CCCC[N+](CCCC)(CCCC)CCCC	2.0	EtOH	OCC	1.0	80	1.1	22.05	13.63	4	EI
121	Cu(OAc)2	[O+]1C(C)O[Cu-3]23([OH2+])[O+]C(C)O[Cu-3]1([OH2+])(OC(C)[O+]2)OC(C)[O+]3	L5	CC(C)C(=O)2CCCc1cccnc12	0.1	TBAO	[I-].CCCC[N+](CCCC)(CCCC)CCCC	0.5	EtOH	OCC	0.5	60	1.1	22.27	59.65	4	EI
122	Cu2O	[Cu]O[Cu]	L5	CC(C)C(=O)2CCCc1cccnc12	0.1	TBAO	[I-].CCCC[N+](CCCC)(CCCC)CCCC	0.5	DMSO	CS(=O)C	1.0	80	1.1	29.01	78.6	4	EI
123	Cu2O	[Cu]O[Cu]	L5	CC(C)C(=O)2CCCc1cccnc12	0.1	TBAO	[I-].CCCC[N+](CCCC)(CCCC)CCCC	2.0	EtOH	OCC	1.0	60	1.1	22.73	63.54	4	EI
124	CuCl	Cl[Cu]	L5	CC(C)C(=O)2CCCc1cccnc12	0.1	TBAO	[I-].CCCC[N+](CCCC)(CCCC)CCCC	0.5	EtOH	OCC	1.0	60	1.5	44.64	82.85	4	EI
125	Cu2O	[Cu]O[Cu]	L5	CC(C)C(=O)2CCCc1cccnc12	0.05	TBAO	[I-].CCCC[N+](CCCC)(CCCC)CCCC	0.5	EtOH	OCC	1.0	60	1.1	27.59	80.38	4	EI
126	Cu2O	[Cu]O[Cu]	L5	CC(C)C(=O)2CCCc1cccnc12	0.1	TBAO	[I-].CCCC[N+](CCCC)(CCCC)CCCC	0.5	EtOH	OCC	0.5	80	1.5	21.14	68.63	4	EI
127	Cu2O	[Cu]O[Cu]	L5	CC(C)C(=O)2CCCc1cccnc12	0.1	TBAO	[I-].CCCC[N+](CCCC)(CCCC)CCCC	0.5	iBuOH	CC(C)CO	1.0	60	1.5	24.18	24.76	4	EI
128	CuCl	Cl[Cu]	L7	CC(C)(C)CC(=O)CC(=O)CC(C)(C)C	0.1	NaOtBu	[Na+].[O-]C(C)(C)C	0.5	EtOH	OCC	1.0	60	1.5	30.29	42.79	5	EI
129	CuCl	Cl[Cu]	L5	CC(C)C(=O)2CCCc1cccnc12	0.05	TBAO	[I-].CCCC[N+](CCCC)(CCCC)CCCC	0.5	DMSO	CS(=O)C	1.0	60	1.5	14.46	31.45	5	EI
130	CuCl	Cl[Cu]	L3	C1CCC(C(C1)N)N	0.1	TBAO	[I-].CCCC[N+](CCCC)(CCCC)CCCC	0.5	EtOH	OCC	1.0	60	1.5	14.55	33.41	5	EI
131	CuCl	Cl[Cu]	L5	CC(C)C(=O)2CCCc1cccnc12	0.1	K2CO3	C(=O)([O-])[O-].[K+].[K+]	0.5	EtOH	OCC	1.0	60	1.5	37.45	61.14	5	EI
132	CuCl	Cl[Cu]	L5	CC(C)C(=O)2CCCc1cccnc12	0.1	TBAO	[I-].CCCC[N+](CCCC)(CCCC)CCCC	0.5	PhMe	Cc1ccccc1	1.0	60	1.5	5.65	35.37	5	EI
133	CuCl	Cl[Cu]	L5	CC(C)C(=O)2CCCc1cccnc12	0.1	TBAO	[I-].CCCC[N+](CCCC)(CCCC)CCCC	0.5	EtOH	OCC	1.0	60	1.1	15.56	32.82	5	EI
134	CuCl	Cl[Cu]	L5	CC(C)C(=O)2CCCc1cccnc12	0.1	TBAO	[I-].CCCC[N+](CCCC)(CCCC)CCCC	0.5	EtOH	OCC	1.0	80	1.5	37.9	75.38	5	EI
135	CuCl	Cl[Cu]	L5	CC(C)C(=O)2CCCc1cccnc12	0.05	TBAO	[I-].CCCC[N+](CCCC)(CCCC)CCCC	0.5	EtOH	OCC	1.0	60	1.5	14.22	30.39	5	EI
136	CuBr	Br[Cu]	L5	CC(C)C(=O)2CCCc1cccnc12	0.1	K2CO3	C(=O)([O-])[O-].[K+].[K+]	1.0	EtOH	OCC	1.0	80	1.5	43.98	81.94	6	EI
137	CuCl	Cl[Cu]	L5	CC(C)C(=O)2CCCc1cccnc12	0.1	K2CO3	C(=O)([O-])[O-].[K+].[K+]	0.5	EtOH	OCC	0.5	80	1.5	30.73	69.41	6	EI
138	CuCl	Cl[Cu]	L7	CC(C)(C)CC(=O)CC(=O)CC(C)(C)C	0.1	K2CO3	C(=O)([O-])[O-].[K+].[K+]	0.5	EtOH	OCC	1.0	80	1.5	62.33	86.46	6	EI
139	CuCl	Cl[Cu]	L5	CC(C)C(=O)2CCCc1cccnc12	0.1	K2CO3	C(=O)([O-])[O-].[K+].[K+]	2.0	EtOH	OCC	1.0	80	1.5	33.37	63.63	6	EI
140	CuCl	Cl[Cu]	L5	CC(C)C(=O)2CCCc1cccnc12	0.1	NaOtBu	[Na+].[O-]C(C)(C)C	0.5	EtOH	OCC	1.0	80	1.5	25.45	62.88	6	EI
141	Cu2O	[Cu]O[Cu]	L5	CC(C)C(=O)2CCCc1cccnc12	0.1	K2CO3	C(=O)([O-])[O-].[K+].[K+]	0.5	EtOH	OCC	1.0	80	1.5	26.44	51.21	6	EI
142	CuCl	Cl[Cu]	L5	CC(C)C(=O)2CCCc1cccnc12	0.1	KOH	[K+].[OH-]	0.5	EtOH	OCC	1.0	80	1.5	20.07	61.95	6	EI
143	CuCl	Cl[Cu]	L9	O=n2cccc1cccc(O)c12	0.1	K2CO3	C(=O)([O-])[O-].[K+].[K+]	0.5	EtOH	OCC	1.0	80	1.5	65.17	96.19	6	EI
144	CuBr	Br[Cu]	L9	O=n2cccc1cccc(O)c12	0.05	K2CO3	C(=O)([O-])[O-].[K+].[K+]	0.5	2Me-THF	O1C(C)CCC1	1.0	60	1.1	16.97	58.03	7	EI
145	CuBr	Br[Cu]	L9	O=n2cccc1cccc(O)c12	0.1	K2CO3	C(=O)([O-])[O-].[K+].[K+]	2.0	PhMe	Cc1ccccc1	1.0	80	1.5	10.86	38.64	7	EI
146	CuBr	Br[Cu]	L7	CC(C)(C)CC(=O)CC(=O)CC(C)(C)C	0.05	K2CO3	C(=O)([O-])[O-].[K+].[K+]	2.0	EtOH	OCC	1.0	80	1.5	73.58	100.0	7	EI
147	CuCl	Cl[Cu]	L9	O=n2cccc1cccc(O)c12	0.1	K2CO3	C(=O)([O-])[O-].[K+].[K+]	0.5	iBuOH	CC(C)CO	1.0	80	1.5	47.36	84.63	7	EI
148	CuI	[Cu]I	L9	O=n2cccc1cccc(O)c12	0.1	K2CO3	C(=O)([O-])[O-].[K+].[K+]	0.5	EtOH	OCC	1.0	80	1.5	56.24	95.67	7	EI
149	CuCl	Cl[Cu]	L9	O=n2cccc1cccc(O)c12	0.1	K2CO3	C(=O)([O-])[O-].[K+].[K+]	2.0	EtOH	OCC	1.0	80	1.1	59.07	84.11	7	EI
150	CuCl	Cl[Cu]	L9	O=n2cccc1cccc(O)c12	0.1	K2CO3	C(=O)([O-])[O-].[K+].[K+]	0.5	EtOH	OCC	1.0	60	1.5	43.18	52.66	7	EI
151	CuCl	Cl[Cu]	L1	OCCO	0.1	K2CO3	C(=O)([O-])[O-].[K+].[K+]	0.5	EtOH	OCC	1.0	80	1.5	20.53	39.52	7	EI
152	CuI	[Cu]I	L7	CC(C)(C)CC(=O)CC(=O)CC(C)(C)C	0.05	Cs2CO3	[Cs+].[Cs+].[O-]C([O-])=O	2.0	EtOH	OCC	0.5	80	1.1	0.0	100.0	8	EI
153	Cu2O	[Cu]O[Cu]	L7	CC(C)(C)CC(=O)CC(=O)CC(C)(C)C	0.05	NaOtBu	[Na+].[O-]C(C)(C)C	2.0	EtOH	OCC	1.0	80	1.5	0.0	99.18	8	EI
154	Cu(OAc)2	[O+]1C(C)O[Cu-3]23([OH2+])[O+]C(C)O[Cu-3]1([OH2+])(OC(C)[O+]2)OC(C)[O+]3	L7	CC(C)(C)CC(=O)CC(=O)CC(C)(C)C	0.05	K2CO3	C(=O)([O-])[O-].[K+].[K+]	2.0	EtOH	OCC	1.0	80	1.1	62.02	100.0	8	EI
155	CuI	[Cu]I	L7	CC(C)(C)CC(=O)CC(=O)CC(C)(C)C	0.05	K2CO3	C(=O)([O-])[O-].[K+].[K+]	2.0	EtOH	OCC	1.0	80	1.5	47.68	100.0	8	EI
156	CuBr	Br[Cu]	L7	CC(C)(C)CC(=O)CC(=O)CC(C)(C)C	0.05	KOH	[K+].[OH-]	2.0	EtOH	OCC	1.0	80	1.5	0.0	100.0	8	EI
157	CuBr	Br[Cu]	L7	CC(C)(C)CC(=O)CC(=O)CC(C)(C)C	0.05	K2CO3	C(=O)([O-])[O-].[K+].[K+]	2.0	EtOH	OCC	0.5	80	1.5	75.29	100.0	8	EI
158	CuBr	Br[Cu]	L7	CC(C)(C)CC(=O)CC(=O)CC(C)(C)C	0.1	K2CO3	C(=O)([O-])[O-].[K+].[K+]	2.0	EtOH	OCC	1.0	80	1.1	64.95	100.0	8	EI
159	CuBr	Br[Cu]	L7	CC(C)(C)CC(=O)CC(=O)CC(C)(C)C	0.05	K3PO4	[K+].[K+].[K+].[O-]P([O-])([O-])=O	2.0	EtOH	OCC	1.0	80	1.5	85.51	100.0	8	EI
160	CuBr	Br[Cu]	L1	OCCO	0.1	K3PO4	[K+].[K+].[K+].[O-]P([O-])([O-])=O	0.5	iBuOH	CC(C)CO	0.5	60	1.5	4.1	25.05	9	EI
161	CuBr	Br[Cu]	L4	C1C[C@H](NC1)C(=O)O	0.05	K3PO4	[K+].[K+].[K+].[O-]P([O-])([O-])=O	2.0	2Me-THF	O1C(C)CCC1	1.0	80	1.5	8.07	19.3	9	EI
162	CuBr	Br[Cu]	L9	O=n2cccc1cccc(O)c12	0.1	K3PO4	[K+].[K+].[K+].[O-]P([O-])([O-])=O	2.0	EtOH	OCC	0.5	80	1.5	67.93	100.0	9	EI
163	CuBr	Br[Cu]	L7	CC(C)(C)CC(=O)CC(=O)CC(C)(C)C	0.05	K3PO4	[K+].[K+].[K+].[O-]P([O-])([O-])=O	0.5	PhMe	Cc1ccccc1	1.0	80	1.5	7.01	14.24	9	EI
164	CuBr	Br[Cu]	L2	CN(C)CCO	0.05	K3PO4	[K+].[K+].[K+].[O-]P([O-])([O-])=O	2.0	EtOH	OCC	1.0	60	1.5	13.96	70.39	9	EI
165	CuBr	Br[Cu]	L7	CC(C)(C)CC(=O)CC(=O)CC(C)(C)C	0.1	K3PO4	[K+].[K+].[K+].[O-]P([O-])([O-])=O	2.0	DMSO	CS(=O)C	1.0	80	1.5	87.2	100.0	9	EI
166	CuBr	Br[Cu]	L10	Cc1cccc(C)c1NC(=O)C(=O)O	0.05	K2CO3	C(=O)([O-])[O-].[K+].[K+]	2.0	EtOH	OCC	1.0	80	1.5	74.88	100.0	9	EI
167	CuBr	Br[Cu]	L7	CC(C)(C)CC(=O)CC(=O)CC(C)(C)C	0.05	K2CO3	C(=O)([O-])[O-].[K+].[K+]	2.0	ACN	CC#N	1.0	80	1.5	26.63	37.14	9	EI
168	CuCl	Cl[Cu]	L10	Cc1cccc(C)c1NC(=O)C(=O)O	0.1	K2CO3	C(=O)([O-])[O-].[K+].[K+]	2.0	DMSO	CS(=O)C	1.0	80	1.1	53.35	76.41	10	EI
169	CuBr	Br[Cu]	L10	Cc1cccc(C)c1NC(=O)C(=O)O	0.1	TBAO	[I-].CCCC[N+](CCCC)(CCCC)CCCC	2.0	DMSO	CS(=O)C	0.5	80	1.5	22.88	89.09	10	EI
170	CuBr	Br[Cu]	L9	O=n2cccc1cccc(O)c12	0.1	K2CO3	C(=O)([O-])[O-].[K+].[K+]	2.0	DMSO	CS(=O)C	1.0	80	1.5	60.61	97.51	10	EI
171	Cu(OAc)2	[O+]1C(C)O[Cu-3]23([OH2+])[O+]C(C)O[Cu-3]1([OH2+])(OC(C)[O+]2)OC(C)[O+]3	L10	Cc1cccc(C)c1NC(=O)C(=O)O	0.1	K2CO3	C(=O)([O-])[O-].[K+].[K+]	2.0	EtOH	OCC	1.0	80	1.5	77.58	94.23	10	EI
172	CuI	[Cu]I	L7	CC(C)(C)CC(=O)CC(=O)CC(C)(C)C	0.1	K3PO4	[K+].[K+].[K+].[O-]P([O-])([O-])=O	2.0	DMSO	CS(=O)C	0.5	80	1.5	71.21	98.66	10	EI
173	CuBr	Br[Cu]	L7	CC(C)(C)CC(=O)CC(=O)CC(C)(C)C	0.1	KOH	[K+].[OH-]	2.0	DMSO	CS(=O)C	1.0	80	1.5	5.62	100.0	10	EI
174	CuBr	Br[Cu]	L10	Cc1cccc(C)c1NC(=O)C(=O)O	0.1	K3PO4	[K+].[K+].[K+].[O-]P([O-])([O-])=O	2.0	DMSO	CS(=O)C	1.0	80	1.5	82.58	100.0	10	EI
175	CuBr	Br[Cu]	L10	Cc1cccc(C)c1NC(=O)C(=O)O	0.1	K2CO3	C(=O)([O-])[O-].[K+].[K+]	2.0	EtOH	OCC	0.5	80	1.1	67.38	94.37	10	EI
176	Cu(OAc)2	[O+]1C(C)O[Cu-3]23([OH2+])[O+]C(C)O[Cu-3]1([OH2+])(OC(C)[O+]2)OC(C)[O+]3	L5	CC(C)C(=O)2CCCc1cccnc12	0.05	Cs2CO3	[Cs+].[Cs+].[O-]C([O-])=O	2.0	PhMe	Cc1ccccc1	0.5	60	1.5	0.0	6.01	0	UCB
177	Cu(OAc)2	[O+]1C(C)O[Cu-3]23([OH2+])[O+]C(C)O[Cu-3]1([OH2+])(OC(C)[O+]2)OC(C)[O+]3	L8	Cc2ccc(C(O)(c1ccc[nH]1)C(F)(F)F)cc2	0.05	Cs2CO3	[Cs+].[Cs+].[O-]C([O-])=O	2.0	PhMe	Cc1ccccc1	1.0	80	1.1	0.0	2.52	0	UCB
178	Cu(OAc)2	[O+]1C(C)O[Cu-3]23([OH2+])[O+]C(C)O[Cu-3]1([OH2+])(OC(C)[O+]2)OC(C)[O+]3	L10	Cc1cccc(C)c1NC(=O)C(=O)O	0.05	Et3N	CCN(CC)CC	1.0	EtOH	OCC	0.5	60	1.1	0.0	11.24	0	UCB
179	Cu2O	[Cu]O[Cu]	L3	C1CCC(C(C1)N)N	0.1	TBAO	[I-].CCCC[N+](CCCC)(CCCC)CCCC	2.0	EtOH	OCC	1.0	80	1.5	20.63	74.42	0	UCB
180	CuBr	Br[Cu]	L5	CC(C)C(=O)2CCCc1cccnc12	0.1	NaOtBu	[Na+].[O-]C(C)(C)C	0.5	PhMe	Cc1ccccc1	1.0	60	1.1	0.0	34.35	0	UCB
181	Cu2O	[Cu]O[Cu]	L5	CC(C)C(=O)2CCCc1cccnc12	0.1	Et3N	CCN(CC)CC	1.0	2Me-THF	O1C(C)CCC1	1.0	80	1.1	4.61	16.06	0	UCB
182	CuCl	Cl[Cu]	L1	OCCO	0.05	Cs2CO3	[Cs+].[Cs+].[O-]C([O-])=O	1.0	2Me-THF	O1C(C)CCC1	1.0	60	1.1	0.0	16.97	0	UCB
183	Cu2O	[Cu]O[Cu]	L9	O=n2cccc1cccc(O)c12	0.1	NaOtBu	[Na+].[O-]C(C)(C)C	2.0	2Me-THF	O1C(C)CCC1	1.0	60	1.5	0.0	63.52	0	UCB
184	Cu2O	[Cu]O[Cu]	L3	C1CCC(C(C1)N)N	0.1	TBAO	[I-].CCCC[N+](CCCC)(CCCC)CCCC	2.0	EtOH	OCC	0.5	80	1.5	23.35	82.32	1	UCB
185	Cu2O	[Cu]O[Cu]	L3	C1CCC(C(C1)N)N	0.1	TBAO	[I-].CCCC[N+](CCCC)(CCCC)CCCC	2.0	2Me-THF	O1C(C)CCC1	1.0	80	1.1	19.58	42.26	1	UCB
186	CuCl	Cl[Cu]	L3	C1CCC(C(C1)N)N	0.05	TBAO	[I-].CCCC[N+](CCCC)(CCCC)CCCC	0.5	ACN	CC#N	0.5	80	1.5	10.88	27.43	1	UCB
187	Cu2O	[Cu]O[Cu]	L6	CCN(CC)C(=O)c1ccccc1O	0.1	K3PO4	[K+].[K+].[K+].[O-]P([O-])([O-])=O	2.0	EtOH	OCC	0.5	60	1.5	1.25	75.94	1	UCB
188	Cu2O	[Cu]O[Cu]	L4	C1C[C@H](NC1)C(=O)O	0.05	KOH	[K+].[OH-]	1.0	EtOH	OCC	0.5	60	1.1	0.0	86.28	1	UCB
189	Cu(OAc)2	[O+]1C(C)O[Cu-3]23([OH2+])[O+]C(C)O[Cu-3]1([OH2+])(OC(C)[O+]2)OC(C)[O+]3	L11	Cc2ccc1ccccc1c2NC(=O)C(=O)NCc3ccccc3	0.1	K3PO4	[K+].[K+].[K+].[O-]P([O-])([O-])=O	1.0	PhMe	Cc1ccccc1	0.5	60	1.1	0.74	9.38	1	UCB
190	CuBr	Br[Cu]	L12	COc2cc(OC)c(NC(=O)C(=O)Nc1c(OC)cc(OC)cc1OC)c(OC)c2	0.05	NaOAc	[Na+].[O-]C(=O)C	0.5	PhMe	Cc1ccccc1	1.0	60	1.1	1.8	8.4	1	UCB
191	CuI	[Cu]I	L1	OCCO	0.05	Et3N	CCN(CC)CC	2.0	2Me-THF	O1C(C)CCC1	0.5	80	1.5	0.63	6.27	1	UCB
192	Cu2O	[Cu]O[Cu]	L3	C1CCC(C(C1)N)N	0.1	TBAO	[I-].CCCC[N+](CCCC)(CCCC)CCCC	2.0	EtOH	OCC	0.5	80	1.1	16.35	83.18	2	UCB
193	CuI	[Cu]I	L3	C1CCC(C(C1)N)N	0.05	TBAO	[I-].CCCC[N+](CCCC)(CCCC)CCCC	2.0	EtOH	OCC	0.5	80	1.1	15.57	48.52	2	UCB
194	CuBr	Br[Cu]	L7	CC(C)(C)CC(=O)CC(=O)CC(C)(C)C	0.1	KOH	[K+].[OH-]	0.5	EtOH	OCC	0.5	80	1.1	25.23	54.8	2	UCB
195	Cu(OAc)2	[O+]1C(C)O[Cu-3]23([OH2+])[O+]C(C)O[Cu-3]1([OH2+])(OC(C)[O+]2)OC(C)[O+]3	L12	COc2cc(OC)c(NC(=O)C(=O)Nc1c(OC)cc(OC)cc1OC)c(OC)c2	0.05	NaOAc	[Na+].[O-]C(=O)C	1.0	iBuOH	CC(C)CO	1.0	60	1.5	5.3	14.66	2	UCB
196	Cu(OAc)2	[O+]1C(C)O[Cu-3]23([OH2+])[O+]C(C)O[Cu-3]1([OH2+])(OC(C)[O+]2)OC(C)[O+]3	L6	CCN(CC)C(=O)c1ccccc1O	0.05	Et3N	CCN(CC)CC	0.5	EtOH	OCC	1.0	80	1.1	10.76	28.5	2	UCB
197	Cu2O	[Cu]O[Cu]	L5	CC(C)C(=O)2CCCc1cccnc12	0.1	NaOAc	[Na+].[O-]C(=O)C	2.0	2Me-THF	O1C(C)CCC1	0.5	80	1.5	4.29	12.07	2	UCB
198	Cu2O	[Cu]O[Cu]	L6	CCN(CC)C(=O)c1ccccc1O	0.1	K2CO3	C(=O)([O-])[O-].[K+].[K+]	1.0	EtOH	OCC	0.5	60	1.1	2.95	23.38	2	UCB
199	CuCl	Cl[Cu]	L4	C1C[C@H](NC1)C(=O)O	0.1	NaOAc	[Na+].[O-]C(=O)C	1.0	2Me-THF	O1C(C)CCC1	0.5	60	1.5	0.39	6.15	2	UCB
200	Cu2O	[Cu]O[Cu]	L3	C1CCC(C(C1)N)N	0.1	KOH	[K+].[OH-]	0.5	EtOH	OCC	1.0	80	1.5	8.82	87.22	3	UCB
201	CuBr	Br[Cu]	L3	C1CCC(C(C1)N)N	0.05	TBAO	[I-].CCCC[N+](CCCC)(CCCC)CCCC	0.5	EtOH	OCC	1.0	80	1.1	25.04	64.75	3	UCB
202	CuBr	Br[Cu]	L9	O=n2cccc1cccc(O)c12	0.1	K2CO3	C(=O)([O-])[O-].[K+].[K+]	0.5	iBuOH	CC(C)CO	1.0	80	1.5	45.27	75.7	3	UCB
203	Cu2O	[Cu]O[Cu]	L8	Cc2ccc(C(O)(c1ccc[nH]1)C(F)(F)F)cc2	0.1	TBAO	[I-].CCCC[N+](CCCC)(CCCC)CCCC	1.0	2Me-THF	O1C(C)CCC1	1.0	60	1.5	29.29	98.49	3	UCB
204	Cu2O	[Cu]O[Cu]	L11	Cc2ccc1ccccc1c2NC(=O)C(=O)NCc3ccccc3	0.05	K2CO3	C(=O)([O-])[O-].[K+].[K+]	1.0	DMSO	CS(=O)C	0.5	80	1.1	54.48	96.4	3	UCB
205	CuBr	Br[Cu]	L8	Cc2ccc(C(O)(c1ccc[nH]1)C(F)(F)F)cc2	0.05	Cs2CO3	[Cs+].[Cs+].[O-]C([O-])=O	1.0	2Me-THF	O1C(C)CCC1	1.0	60	1.5	10.18	15.09	3	UCB
206	CuI	[Cu]I	L7	CC(C)(C)CC(=O)CC(=O)CC(C)(C)C	0.1	NaOtBu	[Na+].[O-]C(C)(C)C	2.0	ACN	CC#N	1.0	60	1.5	4.5	85.65	3	UCB
207	CuI	[Cu]I	L1	OCCO	0.1	KOH	[K+].[OH-]	2.0	ACN	CC#N	1.0	80	1.1	5.91	95.68	3	UCB
208	Cu2O	[Cu]O[Cu]	L11	Cc2ccc1ccccc1c2NC(=O)C(=O)NCc3ccccc3	0.05	K2CO3	C(=O)([O-])[O-].[K+].[K+]	0.5	DMSO	CS(=O)C	0.5	80	1.1	39.26	60.69	4	UCB
209	CuBr	Br[Cu]	L10	Cc1cccc(C)c1NC(=O)C(=O)O	0.1	K2CO3	C(=O)([O-])[O-].[K+].[K+]	0.5	DMSO	CS(=O)C	1.0	80	1.1	25.49	31.25	4	UCB
210	CuBr	Br[Cu]	L12	COc2cc(OC)c(NC(=O)C(=O)Nc1c(OC)cc(OC)cc1OC)c(OC)c2	0.1	K3PO4	[K+].[K+].[K+].[O-]P([O-])([O-])=O	2.0	DMSO	CS(=O)C	0.5	80	1.1	55.82	80.46	4	UCB
211	CuCl	Cl[Cu]	L6	CCN(CC)C(=O)c1ccccc1O	0.05	K3PO4	[K+].[K+].[K+].[O-]P([O-])([O-])=O	0.5	2Me-THF	O1C(C)CCC1	0.5	80	1.5	9.11	1.95	4	UCB
212	Cu(OAc)2	[O+]1C(C)O[Cu-3]23([OH2+])[O+]C(C)O[Cu-3]1([OH2+])(OC(C)[O+]2)OC(C)[O+]3	L6	CCN(CC)C(=O)c1ccccc1O	0.05	KOH	[K+].[OH-]	1.0	EtOH	OCC	1.0	60	1.1	26.67	74.67	4	UCB
213	CuCl	Cl[Cu]	L11	Cc2ccc1ccccc1c2NC(=O)C(=O)NCc3ccccc3	0.05	NaOtBu	[Na+].[O-]C(C)(C)C	1.0	EtOH	OCC	1.0	60	1.1	26.7	88.25	4	UCB
214	Cu2O	[Cu]O[Cu]	L3	C1CCC(C(C1)N)N	0.05	KOH	[K+].[OH-]	2.0	EtOH	OCC	0.5	60	1.5	32.34	100.0	4	UCB
215	CuI	[Cu]I	L2	CN(C)CCO	0.05	Cs2CO3	[Cs+].[Cs+].[O-]C([O-])=O	0.5	ACN	CC#N	1.0	80	1.1	6.56	33.84	4	UCB
216	CuBr	Br[Cu]	L12	COc2cc(OC)c(NC(=O)C(=O)Nc1c(OC)cc(OC)cc1OC)c(OC)c2	0.1	K2CO3	C(=O)([O-])[O-].[K+].[K+]	2.0	DMSO	CS(=O)C	0.5	80	1.1	66.9	69.89	5	UCB
217	CuBr	Br[Cu]	L9	O=n2cccc1cccc(O)c12	0.1	K3PO4	[K+].[K+].[K+].[O-]P([O-])([O-])=O	1.0	DMSO	CS(=O)C	0.5	80	1.1	48.73	84.87	5	UCB
218	Cu2O	[Cu]O[Cu]	L12	COc2cc(OC)c(NC(=O)C(=O)Nc1c(OC)cc(OC)cc1OC)c(OC)c2	0.05	K2CO3	C(=O)([O-])[O-].[K+].[K+]	2.0	iBuOH	CC(C)CO	0.5	80	1.5	47.5	60.66	5	UCB
219	Cu2O	[Cu]O[Cu]	L5	CC(C)C(=O)2CCCc1cccnc12	0.05	K3PO4	[K+].[K+].[K+].[O-]P([O-])([O-])=O	1.0	ACN	CC#N	1.0	80	1.5	7.33	21.98	5	UCB
220	CuBr	Br[Cu]	L5	CC(C)C(=O)2CCCc1cccnc12	0.1	K2CO3	C(=O)([O-])[O-].[K+].[K+]	0.5	2Me-THF	O1C(C)CCC1	1.0	60	1.5	23.59	56.79	5	UCB
221	Cu2O	[Cu]O[Cu]	L10	Cc1cccc(C)c1NC(=O)C(=O)O	0.05	KOH	[K+].[OH-]	2.0	ACN	CC#N	0.5	60	1.1	2.9	56.73	5	UCB
222	CuI	[Cu]I	L9	O=n2cccc1cccc(O)c12	0.1	K3PO4	[K+].[K+].[K+].[O-]P([O-])([O-])=O	1.0	DMSO	CS(=O)C	0.5	60	1.1	56.48	80.62	5	UCB
223	Cu2O	[Cu]O[Cu]	L7	CC(C)(C)CC(=O)CC(=O)CC(C)(C)C	0.1	K3PO4	[K+].[K+].[K+].[O-]P([O-])([O-])=O	1.0	DMSO	CS(=O)C	0.5	80	1.5	42.81	57.96	5	UCB
224	Cu2O	[Cu]O[Cu]	L12	COc2cc(OC)c(NC(=O)C(=O)Nc1c(OC)cc(OC)cc1OC)c(OC)c2	0.1	K2CO3	C(=O)([O-])[O-].[K+].[K+]	2.0	DMSO	CS(=O)C	1.0	80	1.5	78.18	98.86	6	UCB
225	CuBr	Br[Cu]	L9	O=n2cccc1cccc(O)c12	0.1	K2CO3	C(=O)([O-])[O-].[K+].[K+]	2.0	iBuOH	CC(C)CO	0.5	80	1.5	21.94	56.58	6	UCB
226	CuBr	Br[Cu]	L12	COc2cc(OC)c(NC(=O)C(=O)Nc1c(OC)cc(OC)cc1OC)c(OC)c2	0.05	NaOtBu	[Na+].[O-]C(C)(C)C	2.0	PhMe	Cc1ccccc1	0.5	80	1.5	18.17	63.16	6	UCB
227	CuCl	Cl[Cu]	L8	Cc2ccc(C(O)(c1ccc[nH]1)C(F)(F)F)cc2	0.05	NaOtBu	[Na+].[O-]C(C)(C)C	1.0	DMSO	CS(=O)C	1.0	80	1.5	10.49	94.19	6	UCB
228	Cu2O	[Cu]O[Cu]	L6	CCN(CC)C(=O)c1ccccc1O	0.1	TBAO	[I-].CCCC[N+](CCCC)(CCCC)CCCC	2.0	DMSO	CS(=O)C	1.0	60	1.5	25.92	56.53	6	UCB
229	CuCl	Cl[Cu]	L11	Cc2ccc1ccccc1c2NC(=O)C(=O)NCc3ccccc3	0.05	TBAO	[I-].CCCC[N+](CCCC)(CCCC)CCCC	1.0	ACN	CC#N	0.5	80	1.5	9.79	41.04	6	UCB
230	Cu(OAc)2	[O+]1C(C)O[Cu-3]23([OH2+])[O+]C(C)O[Cu-3]1([OH2+])(OC(C)[O+]2)OC(C)[O+]3	L6	CCN(CC)C(=O)c1ccccc1O	0.1	K3PO4	[K+].[K+].[K+].[O-]P([O-])([O-])=O	1.0	ACN	CC#N	0.5	80	1.1	5.45	46.02	6	UCB
231	CuCl	Cl[Cu]	L9	O=n2cccc1cccc(O)c12	0.05	TBAO	[I-].CCCC[N+](CCCC)(CCCC)CCCC	0.5	iBuOH	CC(C)CO	0.5	60	1.1	11.74	32.22	6	UCB
232	Cu2O	[Cu]O[Cu]	L12	COc2cc(OC)c(NC(=O)C(=O)Nc1c(OC)cc(OC)cc1OC)c(OC)c2	0.1	K2CO3	C(=O)([O-])[O-].[K+].[K+]	2.0	DMSO	CS(=O)C	0.5	80	1.5	70.23	100.0	7	UCB
233	Cu2O	[Cu]O[Cu]	L3	C1CCC(C(C1)N)N	0.1	K2CO3	C(=O)([O-])[O-].[K+].[K+]	2.0	DMSO	CS(=O)C	1.0	80	1.1	24.1	43.03	7	UCB
234	CuI	[Cu]I	L11	Cc2ccc1ccccc1c2NC(=O)C(=O)NCc3ccccc3	0.05	K2CO3	C(=O)([O-])[O-].[K+].[K+]	2.0	iBuOH	CC(C)CO	1.0	60	1.5	51.88	82.8	7	UCB
235	CuCl	Cl[Cu]	L1	OCCO	0.05	Et3N	CCN(CC)CC	2.0	PhMe	Cc1ccccc1	0.5	80	1.1	1.86	31.57	7	UCB
236	CuI	[Cu]I	L7	CC(C)(C)CC(=O)CC(=O)CC(C)(C)C	0.1	K2CO3	C(=O)([O-])[O-].[K+].[K+]	0.5	ACN	CC#N	1.0	60	1.1	10.83	30.43	7	UCB
237	Cu(OAc)2	[O+]1C(C)O[Cu-3]23([OH2+])[O+]C(C)O[Cu-3]1([OH2+])(OC(C)[O+]2)OC(C)[O+]3	L11	Cc2ccc1ccccc1c2NC(=O)C(=O)NCc3ccccc3	0.05	Cs2CO3	[Cs+].[Cs+].[O-]C([O-])=O	0.5	EtOH	OCC	0.5	80	1.5	52.42	74.29	7	UCB
238	Cu2O	[Cu]O[Cu]	L7	CC(C)(C)CC(=O)CC(=O)CC(C)(C)C	0.05	NaOtBu	[Na+].[O-]C(C)(C)C	1.0	EtOH	OCC	1.0	80	1.1	38.37	100.0	7	UCB
239	CuI	[Cu]I	L8	Cc2ccc(C(O)(c1ccc[nH]1)C(F)(F)F)cc2	0.1	K2CO3	C(=O)([O-])[O-].[K+].[K+]	2.0	DMSO	CS(=O)C	0.5	80	1.1	47.07	65.46	7	UCB
240	Cu2O	[Cu]O[Cu]	L12	COc2cc(OC)c(NC(=O)C(=O)Nc1c(OC)cc(OC)cc1OC)c(OC)c2	0.1	KOH	[K+].[OH-]	2.0	DMSO	CS(=O)C	0.5	80	1.1	9.57	100.0	8	UCB
241	Cu2O	[Cu]O[Cu]	L11	Cc2ccc1ccccc1c2NC(=O)C(=O)NCc3ccccc3	0.1	K2CO3	C(=O)([O-])[O-].[K+].[K+]	1.0	DMSO	CS(=O)C	1.0	80	1.5	71.22	100.0	8	UCB
242	CuI	[Cu]I	L11	Cc2ccc1ccccc1c2NC(=O)C(=O)NCc3ccccc3	0.05	KOH	[K+].[OH-]	0.5	DMSO	CS(=O)C	1.0	60	1.5	38.58	54.59	8	UCB
243	Cu(OAc)2	[O+]1C(C)O[Cu-3]23([OH2+])[O+]C(C)O[Cu-3]1([OH2+])(OC(C)[O+]2)OC(C)[O+]3	L10	Cc1cccc(C)c1NC(=O)C(=O)O	0.05	K3PO4	[K+].[K+].[K+].[O-]P([O-])([O-])=O	0.5	ACN	CC#N	1.0	80	1.1	49.85	71.92	8	UCB
244	CuI	[Cu]I	L8	Cc2ccc(C(O)(c1ccc[nH]1)C(F)(F)F)cc2	0.1	K2CO3	C(=O)([O-])[O-].[K+].[K+]	2.0	PhMe	Cc1ccccc1	0.5	80	1.5	26.13	42.86	8	UCB
245	Cu2O	[Cu]O[Cu]	L7	CC(C)(C)CC(=O)CC(=O)CC(C)(C)C	0.1	K2CO3	C(=O)([O-])[O-].[K+].[K+]	0.5	DMSO	CS(=O)C	1.0	60	1.5	59.25	88.01	8	UCB
246	CuI	[Cu]I	L5	CC(C)C(=O)2CCCc1cccnc12	0.1	NaOtBu	[Na+].[O-]C(C)(C)C	2.0	iBuOH	CC(C)CO	0.5	80	1.5	0.77	100.0	8	UCB
247	CuBr	Br[Cu]	L11	Cc2ccc1ccccc1c2NC(=O)C(=O)NCc3ccccc3	0.05	NaOAc	[Na+].[O-]C(=O)C	1.0	PhMe	Cc1ccccc1	0.5	80	1.5	10.72	37.66	8	UCB
248	Cu2O	[Cu]O[Cu]	L10	Cc1cccc(C)c1NC(=O)C(=O)O	0.1	K2CO3	C(=O)([O-])[O-].[K+].[K+]	2.0	DMSO	CS(=O)C	0.5	80	1.5	63.53	93.96	9	UCB
249	Cu2O	[Cu]O[Cu]	L7	CC(C)(C)CC(=O)CC(=O)CC(C)(C)C	0.1	K2CO3	C(=O)([O-])[O-].[K+].[K+]	1.0	DMSO	CS(=O)C	1.0	80	1.1	45.67	97.86	9	UCB
250	CuI	[Cu]I	L1	OCCO	0.1	K2CO3	C(=O)([O-])[O-].[K+].[K+]	2.0	DMSO	CS(=O)C	0.5	60	1.5	42.19	62.02	9	UCB
251	CuBr	Br[Cu]	L11	Cc2ccc1ccccc1c2NC(=O)C(=O)NCc3ccccc3	0.1	K2CO3	C(=O)([O-])[O-].[K+].[K+]	1.0	EtOH	OCC	1.0	80	1.1	61.66	87.63	9	UCB
252	CuI	[Cu]I	L1	OCCO	0.1	KOH	[K+].[OH-]	0.5	DMSO	CS(=O)C	0.5	60	1.5	8.41	45.29	9	UCB
253	CuCl	Cl[Cu]	L1	OCCO	0.1	KOH	[K+].[OH-]	2.0	EtOH	OCC	0.5	60	1.5	0.0	100.0	9	UCB
254	Cu(OAc)2	[O+]1C(C)O[Cu-3]23([OH2+])[O+]C(C)O[Cu-3]1([OH2+])(OC(C)[O+]2)OC(C)[O+]3	L11	Cc2ccc1ccccc1c2NC(=O)C(=O)NCc3ccccc3	0.1	K2CO3	C(=O)([O-])[O-].[K+].[K+]	0.5	ACN	CC#N	1.0	80	1.1	43.53	54.23	9	UCB
255	CuBr	Br[Cu]	L12	COc2cc(OC)c(NC(=O)C(=O)Nc1c(OC)cc(OC)cc1OC)c(OC)c2	0.1	NaOAc	[Na+].[O-]C(=O)C	0.5	EtOH	OCC	1.0	60	1.1	10.83	16.64	9	UCB
256	CuI	[Cu]I	L12	COc2cc(OC)c(NC(=O)C(=O)Nc1c(OC)cc(OC)cc1OC)c(OC)c2	0.05	K2CO3	C(=O)([O-])[O-].[K+].[K+]	2.0	DMSO	CS(=O)C	1.0	80	1.5	74.9	83.78	10	UCB
257	CuBr	Br[Cu]	L12	COc2cc(OC)c(NC(=O)C(=O)Nc1c(OC)cc(OC)cc1OC)c(OC)c2	0.05	K2CO3	C(=O)([O-])[O-].[K+].[K+]	2.0	DMSO	CS(=O)C	0.5	80	1.5	67.8	76.69	10	UCB
258	CuBr	Br[Cu]	L2	CN(C)CCO	0.05	K3PO4	[K+].[K+].[K+].[O-]P([O-])([O-])=O	2.0	DMSO	CS(=O)C	0.5	60	1.5	8.12	30.93	10	UCB
259	CuI	[Cu]I	L2	CN(C)CCO	0.1	Cs2CO3	[Cs+].[Cs+].[O-]C([O-])=O	0.5	2Me-THF	O1C(C)CCC1	1.0	80	1.1	3.73	21.67	10	UCB
260	CuCl	Cl[Cu]	L10	Cc1cccc(C)c1NC(=O)C(=O)O	0.05	K2CO3	C(=O)([O-])[O-].[K+].[K+]	1.0	2Me-THF	O1C(C)CCC1	0.5	80	1.5	1.18	1.07	10	UCB
261	CuBr	Br[Cu]	L2	CN(C)CCO	0.05	KOH	[K+].[OH-]	2.0	iBuOH	CC(C)CO	1.0	60	1.5	0.0	100.0	10	UCB
262	CuCl	Cl[Cu]	L5	CC(C)C(=O)2CCCc1cccnc12	0.05	Et3N	CCN(CC)CC	1.0	PhMe	Cc1ccccc1	0.5	80	1.1	0.45	17.05	10	UCB
263	CuCl	Cl[Cu]	L2	CN(C)CCO	0.1	Cs2CO3	[Cs+].[Cs+].[O-]C([O-])=O	1.0	iBuOH	CC(C)CO	1.0	60	1.5	4.74	55.1	10	UCB
