Cu source	Ligand	Ligand equiv.	Base	Base equiv.	Solvent	Molarity	T [Â°C]	BnNH2 equiv.	Yield of 3aa	Conversion of 1a	Round	Acquisition type
[O+]1C(C)O[Cu-3]23([OH2+])[O+]C(C)O[Cu-3]1([OH2+])(OC(C)[O+]2)OC(C)[O+]3	CC(C)C(=O)2CCCc1cccnc12	0.05	[Cs+].[Cs+].[O-]C([O-])=O	2	Cc1ccccc1	0.5	60	1.5	0	06.01	0	TS
[O+]1C(C)O[Cu-3]23([OH2+])[O+]C(C)O[Cu-3]1([OH2+])(OC(C)[O+]2)OC(C)[O+]3	Cc2ccc(C(O)(c1ccc[nH]1)C(F)(F)F)cc2	0.05	[Cs+].[Cs+].[O-]C([O-])=O	2	Cc1ccccc1	1	80	1.1	0	2.52	0	TS
[O+]1C(C)O[Cu-3]23([OH2+])[O+]C(C)O[Cu-3]1([OH2+])(OC(C)[O+]2)OC(C)[O+]3	Cc1cccc(C)c1NC(=O)C(=O)O	0.05	CCN(CC)CC	1	OCC	0.5	60	1.1	0	11.24	0	TS
[Cu]O[Cu]	C1CCC(C(C1)N)N	0.1	[I-].CCCC[N+](CCCC)(CCCC)CCCC	2	OCC	1	80	1.5	20.63	74.42	0	TS
Br[Cu]	CC(C)C(=O)2CCCc1cccnc12	0.1	NaOtBu	0.5	Cc1ccccc1	1	60	1.1	0	34.35	0	TS
[Cu]O[Cu]	CC(C)C(=O)2CCCc1cccnc12	0.1	CCN(CC)CC	1	O1C(C)CCC1	1	80	1.1	4.61	16.06	0	TS
Cl[Cu]	OCCO	0.05	[Cs+].[Cs+].[O-]C([O-])=O	1	O1C(C)CCC1	1	60	1.1	0	16.97	0	TS
[Cu]O[Cu]	O=n2cccc1cccc(O)c12	0.1	NaOtBu	2	O1C(C)CCC1	1	60	1.5	0	63.52	0	TS
[O+]1C(C)O[Cu-3]23([OH2+])[O+]C(C)O[Cu-3]1([OH2+])(OC(C)[O+]2)OC(C)[O+]3	OCCO	0.1	[Na+].[O-]C(=O)C	2	ACN	1	60	1.1	3.1	3.70	1	TS
[O+]1C(C)O[Cu-3]23([OH2+])[O+]C(C)O[Cu-3]1([OH2+])(OC(C)[O+]2)OC(C)[O+]3	C1C[C@H](NC1)C(=O)O	0.05	[K+].[K+].[K+].[O-]P([O-])([O-])=O	2	OCC	1	80	1.5	23.55	85.22	1	TS
Br[Cu]	C1C[C@H](NC1)C(=O)O	0.05	[Na+].[O-]C(=O)C	1	CS(=O)C	1	60	1.1	19.23	28.00	1	TS
Cl[Cu]	C1C[C@H](NC1)C(=O)O	0.05	[K+].[K+].[K+].[O-]P([O-])([O-])=O	1	CC(C)CO	1	80	1.5	33.45	77.25	1	TS
Cl[Cu]	CN(C)CCO	0.1	[Na+].[O-]C(=O)C	1	OCC	1	80	1.5	13.89	37.61	1	TS
Br[Cu]	C1CCC(C(C1)N)N	0.05	[I-].CCCC[N+](CCCC)(CCCC)CCCC	0.5	CS(=O)C	1	80	1.5	22.09	57.66	1	TS
Cl[Cu]	CCN(CC)C(=O)c1ccccc1O	0.1	CCN(CC)CC	1	CC(C)CO	1	80	1.1	3.2	3.35	1	TS
[Cu]I	CC(C)(C)CC(=O)CC(=O)CC(C)(C)C	0.1	[I-].CCCC[N+](CCCC)(CCCC)CCCC	0.5	CC(C)CO	1	80	1.5	20.31	32.44	1	TS
[O+]1C(C)O[Cu-3]23([OH2+])[O+]C(C)O[Cu-3]1([OH2+])(OC(C)[O+]2)OC(C)[O+]3	C1CCC(C(C1)N)N	0.05	NaOtBu	2	CC(C)CO	0.5	80	1.1	0	100.00	2	TS
[Cu]O[Cu]	CN(C)CCO	0.05	NaOtBu	1	CS(=O)C	1	80	1.5	2.12	100.00	2	TS
Cl[Cu]	Cc2ccc(C(O)(c1ccc[nH]1)C(F)(F)F)cc2	0.1	[K+].[K+].[K+].[O-]P([O-])([O-])=O	1	O1C(C)CCC1	0.5	60	1.5	0.31	0.39	2	TS
Cl[Cu]	Cc1cccc(C)c1NC(=O)C(=O)O	0.1	[I-].CCCC[N+](CCCC)(CCCC)CCCC	1	ACN	1	60	1.5	3.38	12.01	2	TS
Br[Cu]	Cc2ccc(C(O)(c1ccc[nH]1)C(F)(F)F)cc2	0.1	[K+].[K+].[K+].[O-]P([O-])([O-])=O	0.5	O1C(C)CCC1	0.5	60	1.1	10.92	20.02	2	TS
Cl[Cu]	CC(C)C(=O)2CCCc1cccnc12	0.1	[K+].[K+].[K+].[O-]P([O-])([O-])=O	1	O1C(C)CCC1	1	80	1.5	4.91	15.14	2	TS
[O+]1C(C)O[Cu-3]23([OH2+])[O+]C(C)O[Cu-3]1([OH2+])(OC(C)[O+]2)OC(C)[O+]3	C1C[C@H](NC1)C(=O)O	0.05	[Cs+].[Cs+].[O-]C([O-])=O	0.5	O1C(C)CCC1	1	60	1.5	0.67	11.31	2	TS
[Cu]I	O=n2cccc1cccc(O)c12	0.1	NaOtBu	2	CS(=O)C	1	60	1.5	0	100.00	2	TS
[O+]1C(C)O[Cu-3]23([OH2+])[O+]C(C)O[Cu-3]1([OH2+])(OC(C)[O+]2)OC(C)[O+]3	Cc2ccc(C(O)(c1ccc[nH]1)C(F)(F)F)cc2	0.05	[K+].[OH-]	1	CS(=O)C	1	80	1.1	16.69	76.32	3	TS
[Cu]O[Cu]	C1C[C@H](NC1)C(=O)O	0.1	C(=O)([O-])[O-].[K+].[K+]	1	CC(C)CO	1	80	1.1	33.99	45.70	3	TS
Cl[Cu]	CCN(CC)C(=O)c1ccccc1O	0.1	[Na+].[O-]C(=O)C	1	OCC	0.5	60	1.1	1.3	10.46	3	TS
Cl[Cu]	OCCO	0.1	CCN(CC)CC	1	ACN	1	80	1.1	3.77	14.70	3	TS
Cl[Cu]	CC(C)(C)CC(=O)CC(=O)CC(C)(C)C	0.05	[Na+].[O-]C(=O)C	1	O1C(C)CCC1	0.5	80	1.1	2.21	14.75	3	TS
Br[Cu]	Cc2ccc1ccccc1c2NC(=O)C(=O)NCc3ccccc3	0.05	[K+].[OH-]	2	OCC	0.5	60	1.1	0	-7.88	3	TS
Cl[Cu]	C1CCC(C(C1)N)N	0.1	[Na+].[O-]C(=O)C	1	Cc1ccccc1	1	80	1.1	1.39	20.57	3	TS
[Cu]I	Cc2ccc(C(O)(c1ccc[nH]1)C(F)(F)F)cc2	0.05	[Na+].[O-]C(=O)C	1	CS(=O)C	1	80	1.5	33.53	56.73	3	TS
[O+]1C(C)O[Cu-3]23([OH2+])[O+]C(C)O[Cu-3]1([OH2+])(OC(C)[O+]2)OC(C)[O+]3	CC(C)C(=O)2CCCc1cccnc12	0.1	[I-].CCCC[N+](CCCC)(CCCC)CCCC	2	Cc1ccccc1	1	80	1.1	11.27	66.65	4	TS
[Cu]O[Cu]	C1C[C@H](NC1)C(=O)O	0.05	CCN(CC)CC	1	Cc1ccccc1	0.5	60	1.1	2.10	21.90	4	TS
[Cu]O[Cu]	CC(C)(C)CC(=O)CC(=O)CC(C)(C)C	0.1	CCN(CC)CC	2	CS(=O)C	0.5	80	1.1	25.03	42.46	4	TS
Cl[Cu]	CC(C)C(=O)2CCCc1cccnc12	0.05	[K+].[K+].[K+].[O-]P([O-])([O-])=O	1	OCC	1	60	1.1	18.38	50.80	4	TS
Br[Cu]	C1C[C@H](NC1)C(=O)O	0.05	[Cs+].[Cs+].[O-]C([O-])=O	1	Cc1ccccc1	1	80	1.1	8.28	29.50	4	TS
Br[Cu]	C1CCC(C(C1)N)N	0.1	CCN(CC)CC	0.5	CC(C)CO	0.5	60	1.5	1.75	26.60	4	TS
Cl[Cu]	O=n2cccc1cccc(O)c12	0.1	[Cs+].[Cs+].[O-]C([O-])=O	1	OCC	1	80	1.5	37.41	100.00	4	TS
[Cu]I	CC(C)C(=O)2CCCc1cccnc12	0.05	C(=O)([O-])[O-].[K+].[K+]	1	CS(=O)C	0.5	80	1.5	30.18	59.88	4	TS
[O+]1C(C)O[Cu-3]23([OH2+])[O+]C(C)O[Cu-3]1([OH2+])(OC(C)[O+]2)OC(C)[O+]3	O=n2cccc1cccc(O)c12	0.1	[Na+].[O-]C(=O)C	1	CS(=O)C	1	80	1.1	30.30	40.01	5	TS
Br[Cu]	CCN(CC)C(=O)c1ccccc1O	0.05	[Na+].[O-]C(=O)C	1	O1C(C)CCC1	0.5	80	1.1	1.67	8.12	5	TS
Cl[Cu]	CCN(CC)C(=O)c1ccccc1O	0.1	NaOtBu	2	ACN	0.5	80	1.1	8.11	80.86	5	TS
Cl[Cu]	Cc1cccc(C)c1NC(=O)C(=O)O	0.1	NaOtBu	1	CC(C)CO	0.5	60	1.1	8.58	79.68	5	TS
Cl[Cu]	COc2cc(OC)c(NC(=O)C(=O)Nc1c(OC)cc(OC)cc1OC)c(OC)c2	0.05	CCN(CC)CC	1	ACN	0.5	80	1.5	4.00	22.23	5	TS
Cl[Cu]	Cc2ccc(C(O)(c1ccc[nH]1)C(F)(F)F)cc2	0.05	[Cs+].[Cs+].[O-]C([O-])=O	0.5	ACN	0.5	60	1.1	1.37	21.35	5	TS
Cl[Cu]	C1C[C@H](NC1)C(=O)O	0.1	[K+].[K+].[K+].[O-]P([O-])([O-])=O	1	ACN	1	80	1.5	48.52	65.85	5	TS
[Cu]I	CCN(CC)C(=O)c1ccccc1O	0.1	[I-].CCCC[N+](CCCC)(CCCC)CCCC	2	CC(C)CO	1	80	1.5	13.11	64.30	5	TS
[O+]1C(C)O[Cu-3]23([OH2+])[O+]C(C)O[Cu-3]1([OH2+])(OC(C)[O+]2)OC(C)[O+]3	C1CCC(C(C1)N)N	0.1	NaOtBu	2	OCC	1	80	1.5	41.82	98.20	6	TS
[Cu]O[Cu]	C1C[C@H](NC1)C(=O)O	0.05	[Cs+].[Cs+].[O-]C([O-])=O	1	CC(C)CO	1	80	1.1	3.33	70.55	6	TS
[Cu]I	OCCO	0.1	[K+].[K+].[K+].[O-]P([O-])([O-])=O	2	Cc1ccccc1	1	60	1.5	1.69	49.28	6	TS
Cl[Cu]	CC(C)C(=O)2CCCc1cccnc12	0.1	CCN(CC)CC	1	CC(C)CO	1	60	1.1	3.11	16.04	6	TS
[Cu]O[Cu]	C1CCC(C(C1)N)N	0.05	[I-].CCCC[N+](CCCC)(CCCC)CCCC	2	CS(=O)C	1	80	1.1	22.43	35.29	6	TS
[Cu]O[Cu]	OCCO	0.05	[Cs+].[Cs+].[O-]C([O-])=O	2	CS(=O)C	1	80	1.5	14.04	75.16	6	TS
Cl[Cu]	C1C[C@H](NC1)C(=O)O	0.1	[K+].[OH-]	0.5	O1C(C)CCC1	1	60	1.5	0.65	5.85	6	TS
[Cu]I	O=n2cccc1cccc(O)c12	0.1	[I-].CCCC[N+](CCCC)(CCCC)CCCC	2	O1C(C)CCC1	1	60	1.5	12.43	62.46	6	TS
[O+]1C(C)O[Cu-3]23([OH2+])[O+]C(C)O[Cu-3]1([OH2+])(OC(C)[O+]2)OC(C)[O+]3	CC(C)(C)CC(=O)CC(=O)CC(C)(C)C	0.1	NaOtBu	0.5	CS(=O)C	0.5	60	1.5	23.83	57.17	7	TS
[Cu]O[Cu]	CN(C)CCO	0.1	[K+].[OH-]	2	ACN	1	80	1.5	13.84	100.00	7	TS
Br[Cu]	CC(C)(C)CC(=O)CC(=O)CC(C)(C)C	0.05	[I-].CCCC[N+](CCCC)(CCCC)CCCC	0.5	O1C(C)CCC1	0.5	60	1.5	9.55	23.32	7	TS
[Cu]O[Cu]	Cc2ccc(C(O)(c1ccc[nH]1)C(F)(F)F)cc2	0.1	C(=O)([O-])[O-].[K+].[K+]	1	CS(=O)C	0.5	60	1.1	6.59	17.15	7	TS
Cl[Cu]	COc2cc(OC)c(NC(=O)C(=O)Nc1c(OC)cc(OC)cc1OC)c(OC)c2	0.05	[K+].[K+].[K+].[O-]P([O-])([O-])=O	2	CS(=O)C	0.5	60	1.5	26.71	42.07	7	TS
Cl[Cu]	Cc2ccc(C(O)(c1ccc[nH]1)C(F)(F)F)cc2	0.05	[K+].[OH-]	2	CC(C)CO	0.5	60	1.1	0.00	100.00	7	TS
Cl[Cu]	C1CCC(C(C1)N)N	0.05	[K+].[K+].[K+].[O-]P([O-])([O-])=O	1	OCC	0.5	80	1.5	12.49	75.26	7	TS
Br[Cu]	COc2cc(OC)c(NC(=O)C(=O)Nc1c(OC)cc(OC)cc1OC)c(OC)c2	0.1	[I-].CCCC[N+](CCCC)(CCCC)CCCC	0.5	CS(=O)C	1	60	1.1	9.62	40.43	7	TS
[O+]1C(C)O[Cu-3]23([OH2+])[O+]C(C)O[Cu-3]1([OH2+])(OC(C)[O+]2)OC(C)[O+]3	O=n2cccc1cccc(O)c12	0.1	[I-].CCCC[N+](CCCC)(CCCC)CCCC	2	OCC	1	80	1.1	13.06	82.12	8	TS
[O+]1C(C)O[Cu-3]23([OH2+])[O+]C(C)O[Cu-3]1([OH2+])(OC(C)[O+]2)OC(C)[O+]3	COc2cc(OC)c(NC(=O)C(=O)Nc1c(OC)cc(OC)cc1OC)c(OC)c2	0.05	[K+].[K+].[K+].[O-]P([O-])([O-])=O	2	CC(C)CO	1	80	1.1	64.47	80.45	8	TS
Br[Cu]	CC(C)(C)CC(=O)CC(=O)CC(C)(C)C	0.05	C(=O)([O-])[O-].[K+].[K+]	1	CS(=O)C	1	80	1.5	59.01	70.10	8	TS
Cl[Cu]	CN(C)CCO	0.1	C(=O)([O-])[O-].[K+].[K+]	0.5	O1C(C)CCC1	0.5	80	1.5	3.29	15.46	8	TS
[Cu]O[Cu]	C1CCC(C(C1)N)N	0.05	CCN(CC)CC	2	Cc1ccccc1	0.5	80	1.5	1.62	11.50	8	TS
Br[Cu]	OCCO	0.05	CCN(CC)CC	2	O1C(C)CCC1	0.5	60	1.5	0.41	4.39	8	TS
Cl[Cu]	OCCO	0.1	CCN(CC)CC	1	O1C(C)CCC1	1	80	1.5	2.65	24.30	8	TS
[Cu]I	O=n2cccc1cccc(O)c12	0.1	CCN(CC)CC	1	CS(=O)C	0.5	60	1.5	10.77	27.53	8	TS
[O+]1C(C)O[Cu-3]23([OH2+])[O+]C(C)O[Cu-3]1([OH2+])(OC(C)[O+]2)OC(C)[O+]3	O=n2cccc1cccc(O)c12	0.1	C(=O)([O-])[O-].[K+].[K+]	1	ACN	1	80	1.1	16.24	29.99	9	TS
[Cu]O[Cu]	Cc1cccc(C)c1NC(=O)C(=O)O	0.1	[K+].[OH-]	1	ACN	0.5	80	1.1	32.51	73.13	9	TS
Br[Cu]	C1C[C@H](NC1)C(=O)O	0.05	CCN(CC)CC	1	OCC	1	60	1.5	6.41	15.60	9	TS
Cl[Cu]	CC(C)C(=O)2CCCc1cccnc12	0.1	CCN(CC)CC	0.5	Cc1ccccc1	0.5	60	1.1	1.21	14.25	9	TS
Cl[Cu]	COc2cc(OC)c(NC(=O)C(=O)Nc1c(OC)cc(OC)cc1OC)c(OC)c2	0.05	[Na+].[O-]C(=O)C	1	CC(C)CO	0.5	60	1.1	5.57	31.87	9	TS
Cl[Cu]	Cc2ccc(C(O)(c1ccc[nH]1)C(F)(F)F)cc2	0.05	[Cs+].[Cs+].[O-]C([O-])=O	2	CS(=O)C	0.5	60	1.1	9.61	32.29	9	TS
Cl[Cu]	C1CCC(C(C1)N)N	0.05	[Na+].[O-]C(=O)C	2	ACN	1	60	1.1	1.43	7.47	9	TS
[Cu]I	O=n2cccc1cccc(O)c12	0.1	[Na+].[O-]C(=O)C	1	OCC	1	60	1.1	4.97	35.40	9	TS
[O+]1C(C)O[Cu-3]23([OH2+])[O+]C(C)O[Cu-3]1([OH2+])(OC(C)[O+]2)OC(C)[O+]3	Cc2ccc(C(O)(c1ccc[nH]1)C(F)(F)F)cc2	0.1	C(=O)([O-])[O-].[K+].[K+]	2	CS(=O)C	1	80	1.1	34.54	41.14	10	TS
[Cu]O[Cu]	Cc2ccc1ccccc1c2NC(=O)C(=O)NCc3ccccc3	0.05	[I-].CCCC[N+](CCCC)(CCCC)CCCC	0.5	CC(C)CO	1	80	1.1	30.55	72.78	10	TS
Cl[Cu]	COc2cc(OC)c(NC(=O)C(=O)Nc1c(OC)cc(OC)cc1OC)c(OC)c2	0.1	C(=O)([O-])[O-].[K+].[K+]	1	CS(=O)C	0.5	80	1.1	39.52	62.41	10	TS
Cl[Cu]	Cc1cccc(C)c1NC(=O)C(=O)O	0.05	[K+].[K+].[K+].[O-]P([O-])([O-])=O	0.5	CC(C)CO	0.5	80	1.5	18.42	39.84	10	TS
[Cu]O[Cu]	CCN(CC)C(=O)c1ccccc1O	0.05	[Cs+].[Cs+].[O-]C([O-])=O	2	Cc1ccccc1	0.5	80	1.1	0.38	1.00	10	TS
Br[Cu]	CN(C)CCO	0.05	CCN(CC)CC	1	OCC	0.5	80	1.1	2.95	32.48	10	TS
Cl[Cu]	CC(C)C(=O)2CCCc1cccnc12	0.05	[K+].[OH-]	1	ACN	1	80	1.5	37.40	78.95	10	TS
[Cu]O[Cu]	OCCO	0.05	[K+].[OH-]	2	ACN	1	80	1.5	2.75	100.00	10	TS
[O+]1C(C)O[Cu-3]23([OH2+])[O+]C(C)O[Cu-3]1([OH2+])(OC(C)[O+]2)OC(C)[O+]3	CC(C)C(=O)2CCCc1cccnc12	0.05	[Cs+].[Cs+].[O-]C([O-])=O	2	Cc1ccccc1	0.5	60	1.5	0	06.01	0	EI
[O+]1C(C)O[Cu-3]23([OH2+])[O+]C(C)O[Cu-3]1([OH2+])(OC(C)[O+]2)OC(C)[O+]3	Cc2ccc(C(O)(c1ccc[nH]1)C(F)(F)F)cc2	0.05	[Cs+].[Cs+].[O-]C([O-])=O	2	Cc1ccccc1	1	80	1.1	0	2.52	0	EI
[O+]1C(C)O[Cu-3]23([OH2+])[O+]C(C)O[Cu-3]1([OH2+])(OC(C)[O+]2)OC(C)[O+]3	Cc1cccc(C)c1NC(=O)C(=O)O	0.05	CCN(CC)CC	1	OCC	0.5	60	1.1	0	11.24	0	EI
[Cu]O[Cu]	C1CCC(C(C1)N)N	0.1	[I-].CCCC[N+](CCCC)(CCCC)CCCC	2	OCC	1	80	1.5	20.63	74.42	0	EI
Br[Cu]	CC(C)C(=O)2CCCc1cccnc12	0.1	NaOtBu	0.5	Cc1ccccc1	1	60	1.1	0	34.35	0	EI
[Cu]O[Cu]	CC(C)C(=O)2CCCc1cccnc12	0.1	CCN(CC)CC	1	O1C(C)CCC1	1	80	1.1	4.61	16.06	0	EI
Cl[Cu]	OCCO	0.05	[Cs+].[Cs+].[O-]C([O-])=O	1	O1C(C)CCC1	1	60	1.1	0	16.97	0	EI
[Cu]O[Cu]	O=n2cccc1cccc(O)c12	0.1	NaOtBu	2	O1C(C)CCC1	1	60	1.5	0	63.52	0	EI
[Cu]I	C1CCC(C(C1)N)N	0.1	[I-].CCCC[N+](CCCC)(CCCC)CCCC	2	OCC	1	80	1.5	26.60	92.93	1	EI
[Cu]O[Cu]	C1CCC(C(C1)N)N	0.1	[I-].CCCC[N+](CCCC)(CCCC)CCCC	0.5	OCC	0.5	80	1.5	33.96	90.54	1	EI
[Cu]O[Cu]	C1CCC(C(C1)N)N	0.05	[I-].CCCC[N+](CCCC)(CCCC)CCCC	2	OCC	1	80	1.5	27.45	81.37	1	EI
[Cu]O[Cu]	C1CCC(C(C1)N)N	0.1	[I-].CCCC[N+](CCCC)(CCCC)CCCC	2	OCC	1	80	1.1	17.66	65.64	1	EI
[Cu]O[Cu]	C1CCC(C(C1)N)N	0.1	[I-].CCCC[N+](CCCC)(CCCC)CCCC	2	ACN	1	80	1.5	23.16	44.10	1	EI
[Cu]O[Cu]	C1CCC(C(C1)N)N	0.1	[I-].CCCC[N+](CCCC)(CCCC)CCCC	2	OCC	1	60	1.5	30.84	72.21	1	EI
[Cu]O[Cu]	C1CCC(C(C1)N)N	0.1	[K+].[OH-]	2	OCC	1	80	1.5	0.00	100.00	1	EI
[Cu]O[Cu]	C1C[C@H](NC1)C(=O)O	0.1	[I-].CCCC[N+](CCCC)(CCCC)CCCC	2	OCC	1	80	1.5	34.85	80.37	1	EI
Cl[Cu]	C1C[C@H](NC1)C(=O)O	0.05	[I-].CCCC[N+](CCCC)(CCCC)CCCC	0.5	OCC	0.5	60	1.5	7.34	16.53	2	EI
[Cu]O[Cu]	C1C[C@H](NC1)C(=O)O	0.1	[I-].CCCC[N+](CCCC)(CCCC)CCCC	0.5	CC(C)CO	0.5	60	1.5	34.88	66.89	2	EI
[Cu]O[Cu]	CC(C)(C)CC(=O)CC(=O)CC(C)(C)C	0.05	[I-].CCCC[N+](CCCC)(CCCC)CCCC	0.5	OCC	0.5	60	1.5	34.51	67.21	2	EI
Br[Cu]	C1C[C@H](NC1)C(=O)O	0.1	[I-].CCCC[N+](CCCC)(CCCC)CCCC	1	OCC	0.5	60	1.5	19.41	88.32	2	EI
[Cu]O[Cu]	C1C[C@H](NC1)C(=O)O	0.1	[I-].CCCC[N+](CCCC)(CCCC)CCCC	0.5	OCC	1	60	1.5	45.36	80.93	2	EI
[Cu]O[Cu]	C1C[C@H](NC1)C(=O)O	0.1	[I-].CCCC[N+](CCCC)(CCCC)CCCC	0.5	OCC	0.5	80	1.5	30.09	75.47	2	EI
[Cu]O[Cu]	C1C[C@H](NC1)C(=O)O	0.1	[I-].CCCC[N+](CCCC)(CCCC)CCCC	2	OCC	0.5	60	1.5	29.43	81.96	2	EI
[Cu]O[Cu]	CCN(CC)C(=O)c1ccccc1O	0.1	[I-].CCCC[N+](CCCC)(CCCC)CCCC	0.5	OCC	0.5	60	1.5	33.06	90.10	2	EI
[Cu]O[Cu]	CC(C)(C)CC(=O)CC(=O)CC(C)(C)C	0.1	CCN(CC)CC	0.5	CS(=O)C	1	60	1.1	29.21	39.95	3	EI
[Cu]O[Cu]	CC(C)(C)CC(=O)CC(=O)CC(C)(C)C	0.1	[I-].CCCC[N+](CCCC)(CCCC)CCCC	0.5	O1C(C)CCC1	1	60	1.5	31.03	66.33	3	EI
[Cu]O[Cu]	O=n2cccc1cccc(O)c12	0.1	[K+].[OH-]	0.5	OCC	1	60	1.5	5.53	32.74	3	EI
[Cu]O[Cu]	Cc1cccc(C)c1NC(=O)C(=O)O	0.1	[I-].CCCC[N+](CCCC)(CCCC)CCCC	0.5	Cc1ccccc1	1	60	1.5	21.86	42.92	3	EI
[Cu]O[Cu]	Cc2ccc(C(O)(c1ccc[nH]1)C(F)(F)F)cc2	0.1	[I-].CCCC[N+](CCCC)(CCCC)CCCC	0.5	OCC	1	60	1.1	35.92	69.49	3	EI
[Cu]O[Cu]	C1C[C@H](NC1)C(=O)O	0.1	[I-].CCCC[N+](CCCC)(CCCC)CCCC	0.5	ACN	1	60	1.5	27.06	65.06	3	EI
[Cu]O[Cu]	CC(C)C(=O)2CCCc1cccnc12	0.1	[I-].CCCC[N+](CCCC)(CCCC)CCCC	0.5	OCC	1	60	1.5	42.58	70.40	3	EI
[Cu]O[Cu]	C1C[C@H](NC1)C(=O)O	0.1	NaOtBu	0.5	OCC	1	60	1.5	16.72	67.95	3	EI
[Cu]I	CC(C)C(=O)2CCCc1cccnc12	0.05	[I-].CCCC[N+](CCCC)(CCCC)CCCC	2	OCC	1	80	1.1	22.05	13.63	4	EI
[O+]1C(C)O[Cu-3]23([OH2+])[O+]C(C)O[Cu-3]1([OH2+])(OC(C)[O+]2)OC(C)[O+]3	CC(C)C(=O)2CCCc1cccnc12	0.1	[I-].CCCC[N+](CCCC)(CCCC)CCCC	0.5	OCC	0.5	60	1.1	22.27	59.65	4	EI
[Cu]O[Cu]	CC(C)C(=O)2CCCc1cccnc12	0.1	[I-].CCCC[N+](CCCC)(CCCC)CCCC	0.5	CS(=O)C	1	80	1.1	29.01	78.60	4	EI
[Cu]O[Cu]	CC(C)C(=O)2CCCc1cccnc12	0.1	[I-].CCCC[N+](CCCC)(CCCC)CCCC	2	OCC	1	60	1.1	22.73	63.54	4	EI
Cl[Cu]	CC(C)C(=O)2CCCc1cccnc12	0.1	[I-].CCCC[N+](CCCC)(CCCC)CCCC	0.5	OCC	1	60	1.5	44.64	82.85	4	EI
[Cu]O[Cu]	CC(C)C(=O)2CCCc1cccnc12	0.05	[I-].CCCC[N+](CCCC)(CCCC)CCCC	0.5	OCC	1	60	1.1	27.59	80.38	4	EI
[Cu]O[Cu]	CC(C)C(=O)2CCCc1cccnc12	0.1	[I-].CCCC[N+](CCCC)(CCCC)CCCC	0.5	OCC	0.5	80	1.5	21.14	68.63	4	EI
[Cu]O[Cu]	CC(C)C(=O)2CCCc1cccnc12	0.1	[I-].CCCC[N+](CCCC)(CCCC)CCCC	0.5	CC(C)CO	1	60	1.5	24.18	24.76	4	EI
Cl[Cu]	CC(C)(C)CC(=O)CC(=O)CC(C)(C)C	0.1	NaOtBu	0.5	OCC	1	60	1.5	30.29	42.79	5	EI
Cl[Cu]	CC(C)C(=O)2CCCc1cccnc12	0.05	[I-].CCCC[N+](CCCC)(CCCC)CCCC	0.5	CS(=O)C	1	60	1.5	14.46	31.45	5	EI
Cl[Cu]	C1CCC(C(C1)N)N	0.1	[I-].CCCC[N+](CCCC)(CCCC)CCCC	0.5	OCC	1	60	1.5	14.55	33.41	5	EI
Cl[Cu]	CC(C)C(=O)2CCCc1cccnc12	0.1	C(=O)([O-])[O-].[K+].[K+]	0.5	OCC	1	60	1.5	37.45	61.14	5	EI
Cl[Cu]	CC(C)C(=O)2CCCc1cccnc12	0.1	[I-].CCCC[N+](CCCC)(CCCC)CCCC	0.5	Cc1ccccc1	1	60	1.5	5.65	35.37	5	EI
Cl[Cu]	CC(C)C(=O)2CCCc1cccnc12	0.1	[I-].CCCC[N+](CCCC)(CCCC)CCCC	0.5	OCC	1	60	1.1	15.56	32.82	5	EI
Cl[Cu]	CC(C)C(=O)2CCCc1cccnc12	0.1	[I-].CCCC[N+](CCCC)(CCCC)CCCC	0.5	OCC	1	80	1.5	37.90	75.38	5	EI
Cl[Cu]	CC(C)C(=O)2CCCc1cccnc12	0.05	[I-].CCCC[N+](CCCC)(CCCC)CCCC	0.5	OCC	1	60	1.5	14.22	30.39	5	EI
Br[Cu]	CC(C)C(=O)2CCCc1cccnc12	0.1	C(=O)([O-])[O-].[K+].[K+]	1	OCC	1	80	1.5	43.98	81.94	6	EI
Cl[Cu]	CC(C)C(=O)2CCCc1cccnc12	0.1	C(=O)([O-])[O-].[K+].[K+]	0.5	OCC	0.5	80	1.5	30.73	69.41	6	EI
Cl[Cu]	CC(C)(C)CC(=O)CC(=O)CC(C)(C)C	0.1	C(=O)([O-])[O-].[K+].[K+]	0.5	OCC	1	80	1.5	62.33	86.46	6	EI
Cl[Cu]	CC(C)C(=O)2CCCc1cccnc12	0.1	C(=O)([O-])[O-].[K+].[K+]	2	OCC	1	80	1.5	33.37	63.63	6	EI
Cl[Cu]	CC(C)C(=O)2CCCc1cccnc12	0.1	NaOtBu	0.5	OCC	1	80	1.5	25.45	62.88	6	EI
[Cu]O[Cu]	CC(C)C(=O)2CCCc1cccnc12	0.1	C(=O)([O-])[O-].[K+].[K+]	0.5	OCC	1	80	1.5	26.44	51.21	6	EI
Cl[Cu]	CC(C)C(=O)2CCCc1cccnc12	0.1	[K+].[OH-]	0.5	OCC	1	80	1.5	20.07	61.95	6	EI
Cl[Cu]	O=n2cccc1cccc(O)c12	0.1	C(=O)([O-])[O-].[K+].[K+]	0.5	OCC	1	80	1.5	65.17	96.19	6	EI
Br[Cu]	O=n2cccc1cccc(O)c12	0.05	C(=O)([O-])[O-].[K+].[K+]	0.5	O1C(C)CCC1	1	60	1.1	16.97	58.03	7	EI
Br[Cu]	O=n2cccc1cccc(O)c12	0.1	C(=O)([O-])[O-].[K+].[K+]	2	Cc1ccccc1	1	80	1.5	10.86	38.64	7	EI
Br[Cu]	CC(C)(C)CC(=O)CC(=O)CC(C)(C)C	0.05	C(=O)([O-])[O-].[K+].[K+]	2	OCC	1	80	1.5	73.58	100.00	7	EI
Cl[Cu]	O=n2cccc1cccc(O)c12	0.1	C(=O)([O-])[O-].[K+].[K+]	0.5	CC(C)CO	1	80	1.5	47.36	84.63	7	EI
[Cu]I	O=n2cccc1cccc(O)c12	0.1	C(=O)([O-])[O-].[K+].[K+]	0.5	OCC	1	80	1.5	56.24	95.67	7	EI
Cl[Cu]	O=n2cccc1cccc(O)c12	0.1	C(=O)([O-])[O-].[K+].[K+]	2	OCC	1	80	1.1	59.07	84.11	7	EI
Cl[Cu]	O=n2cccc1cccc(O)c12	0.1	C(=O)([O-])[O-].[K+].[K+]	0.5	OCC	1	60	1.5	43.18	52.66	7	EI
Cl[Cu]	OCCO	0.1	C(=O)([O-])[O-].[K+].[K+]	0.5	OCC	1	80	1.5	20.53	39.52	7	EI
[Cu]I	CC(C)(C)CC(=O)CC(=O)CC(C)(C)C	0.05	[Cs+].[Cs+].[O-]C([O-])=O	2	OCC	0.5	80	1.1	0.00	100.00	8	EI
[Cu]O[Cu]	CC(C)(C)CC(=O)CC(=O)CC(C)(C)C	0.05	NaOtBu	2	OCC	1	80	1.5	0.00	99.18	8	EI
[O+]1C(C)O[Cu-3]23([OH2+])[O+]C(C)O[Cu-3]1([OH2+])(OC(C)[O+]2)OC(C)[O+]3	CC(C)(C)CC(=O)CC(=O)CC(C)(C)C	0.05	C(=O)([O-])[O-].[K+].[K+]	2	OCC	1	80	1.1	62.02	100.00	8	EI
[Cu]I	CC(C)(C)CC(=O)CC(=O)CC(C)(C)C	0.05	C(=O)([O-])[O-].[K+].[K+]	2	OCC	1	80	1.5	47.68	100.00	8	EI
Br[Cu]	CC(C)(C)CC(=O)CC(=O)CC(C)(C)C	0.05	[K+].[OH-]	2	OCC	1	80	1.5	0.00	100.00	8	EI
Br[Cu]	CC(C)(C)CC(=O)CC(=O)CC(C)(C)C	0.05	C(=O)([O-])[O-].[K+].[K+]	2	OCC	0.5	80	1.5	75.29	100.00	8	EI
Br[Cu]	CC(C)(C)CC(=O)CC(=O)CC(C)(C)C	0.1	C(=O)([O-])[O-].[K+].[K+]	2	OCC	1	80	1.1	64.95	100.00	8	EI
Br[Cu]	CC(C)(C)CC(=O)CC(=O)CC(C)(C)C	0.05	[K+].[K+].[K+].[O-]P([O-])([O-])=O	2	OCC	1	80	1.5	85.51	100.00	8	EI
Br[Cu]	OCCO	0.1	[K+].[K+].[K+].[O-]P([O-])([O-])=O	0.5	CC(C)CO	0.5	60	1.5	4.10	25.05	9	EI
Br[Cu]	C1C[C@H](NC1)C(=O)O	0.05	[K+].[K+].[K+].[O-]P([O-])([O-])=O	2	O1C(C)CCC1	1	80	1.5	08.07	19.30	9	EI
Br[Cu]	O=n2cccc1cccc(O)c12	0.1	[K+].[K+].[K+].[O-]P([O-])([O-])=O	2	OCC	0.5	80	1.5	67.93	100.00	9	EI
Br[Cu]	CC(C)(C)CC(=O)CC(=O)CC(C)(C)C	0.05	[K+].[K+].[K+].[O-]P([O-])([O-])=O	0.5	Cc1ccccc1	1	80	1.5	07.01	14.24	9	EI
Br[Cu]	CN(C)CCO	0.05	[K+].[K+].[K+].[O-]P([O-])([O-])=O	2	OCC	1	60	1.5	13.96	70.39	9	EI
Br[Cu]	CC(C)(C)CC(=O)CC(=O)CC(C)(C)C	0.1	[K+].[K+].[K+].[O-]P([O-])([O-])=O	2	CS(=O)C	1	80	1.5	87.20	100.00	9	EI
Br[Cu]	Cc1cccc(C)c1NC(=O)C(=O)O	0.05	C(=O)([O-])[O-].[K+].[K+]	2	OCC	1	80	1.5	74.88	100.00	9	EI
Br[Cu]	CC(C)(C)CC(=O)CC(=O)CC(C)(C)C	0.05	C(=O)([O-])[O-].[K+].[K+]	2	ACN	1	80	1.5	26.63	37.14	9	EI
Cl[Cu]	Cc1cccc(C)c1NC(=O)C(=O)O	0.1	C(=O)([O-])[O-].[K+].[K+]	2	CS(=O)C	1	80	1.1	53.35	76.41	10	EI
Br[Cu]	Cc1cccc(C)c1NC(=O)C(=O)O	0.1	[I-].CCCC[N+](CCCC)(CCCC)CCCC	2	CS(=O)C	0.5	80	1.5	22.88	89.09	10	EI
Br[Cu]	O=n2cccc1cccc(O)c12	0.1	C(=O)([O-])[O-].[K+].[K+]	2	CS(=O)C	1	80	1.5	60.61	97.51	10	EI
[O+]1C(C)O[Cu-3]23([OH2+])[O+]C(C)O[Cu-3]1([OH2+])(OC(C)[O+]2)OC(C)[O+]3	Cc1cccc(C)c1NC(=O)C(=O)O	0.1	C(=O)([O-])[O-].[K+].[K+]	2	OCC	1	80	1.5	77.58	94.23	10	EI
[Cu]I	CC(C)(C)CC(=O)CC(=O)CC(C)(C)C	0.1	[K+].[K+].[K+].[O-]P([O-])([O-])=O	2	CS(=O)C	0.5	80	1.5	71.21	98.66	10	EI
Br[Cu]	CC(C)(C)CC(=O)CC(=O)CC(C)(C)C	0.1	[K+].[OH-]	2	CS(=O)C	1	80	1.5	5.62	100.00	10	EI
Br[Cu]	Cc1cccc(C)c1NC(=O)C(=O)O	0.1	[K+].[K+].[K+].[O-]P([O-])([O-])=O	2	CS(=O)C	1	80	1.5	82.58	100.00	10	EI
Br[Cu]	Cc1cccc(C)c1NC(=O)C(=O)O	0.1	C(=O)([O-])[O-].[K+].[K+]	2	OCC	0.5	80	1.1	67.38	94.37	10	EI
[O+]1C(C)O[Cu-3]23([OH2+])[O+]C(C)O[Cu-3]1([OH2+])(OC(C)[O+]2)OC(C)[O+]3	CC(C)C(=O)2CCCc1cccnc12	0.05	[Cs+].[Cs+].[O-]C([O-])=O	2	Cc1ccccc1	0.5	60	1.5	0	06.01	0	UCB
[O+]1C(C)O[Cu-3]23([OH2+])[O+]C(C)O[Cu-3]1([OH2+])(OC(C)[O+]2)OC(C)[O+]3	Cc2ccc(C(O)(c1ccc[nH]1)C(F)(F)F)cc2	0.05	[Cs+].[Cs+].[O-]C([O-])=O	2	Cc1ccccc1	1	80	1.1	0	2.52	0	UCB
[O+]1C(C)O[Cu-3]23([OH2+])[O+]C(C)O[Cu-3]1([OH2+])(OC(C)[O+]2)OC(C)[O+]3	Cc1cccc(C)c1NC(=O)C(=O)O	0.05	CCN(CC)CC	1	OCC	0.5	60	1.1	0	11.24	0	UCB
[Cu]O[Cu]	C1CCC(C(C1)N)N	0.1	[I-].CCCC[N+](CCCC)(CCCC)CCCC	2	OCC	1	80	1.5	20.63	74.42	0	UCB
Br[Cu]	CC(C)C(=O)2CCCc1cccnc12	0.1	NaOtBu	0.5	Cc1ccccc1	1	60	1.1	0	34.35	0	UCB
[Cu]O[Cu]	CC(C)C(=O)2CCCc1cccnc12	0.1	CCN(CC)CC	1	O1C(C)CCC1	1	80	1.1	4.61	16.06	0	UCB
Cl[Cu]	OCCO	0.05	[Cs+].[Cs+].[O-]C([O-])=O	1	O1C(C)CCC1	1	60	1.1	0	16.97	0	UCB
[Cu]O[Cu]	O=n2cccc1cccc(O)c12	0.1	NaOtBu	2	O1C(C)CCC1	1	60	1.5	0	63.52	0	UCB
[Cu]O[Cu]	C1CCC(C(C1)N)N	0.1	[I-].CCCC[N+](CCCC)(CCCC)CCCC	2	OCC	0.5	80	1.5	23.35	82.32	1	UCB
[Cu]O[Cu]	C1CCC(C(C1)N)N	0.1	[I-].CCCC[N+](CCCC)(CCCC)CCCC	2	O1C(C)CCC1	1	80	1.1	19.58	42.26	1	UCB
Cl[Cu]	C1CCC(C(C1)N)N	0.05	[I-].CCCC[N+](CCCC)(CCCC)CCCC	0.5	ACN	0.5	80	1.5	10.88	27.43	1	UCB
[Cu]O[Cu]	CCN(CC)C(=O)c1ccccc1O	0.1	[K+].[K+].[K+].[O-]P([O-])([O-])=O	2	OCC	0.5	60	1.5	1.25	75.94	1	UCB
[Cu]O[Cu]	C1C[C@H](NC1)C(=O)O	0.05	[K+].[OH-]	1	OCC	0.5	60	1.1	0.00	86.28	1	UCB
[O+]1C(C)O[Cu-3]23([OH2+])[O+]C(C)O[Cu-3]1([OH2+])(OC(C)[O+]2)OC(C)[O+]3	Cc2ccc1ccccc1c2NC(=O)C(=O)NCc3ccccc3	0.1	[K+].[K+].[K+].[O-]P([O-])([O-])=O	1	Cc1ccccc1	0.5	60	1.1	0.74	9.38	1	UCB
Br[Cu]	COc2cc(OC)c(NC(=O)C(=O)Nc1c(OC)cc(OC)cc1OC)c(OC)c2	0.05	[Na+].[O-]C(=O)C	0.5	Cc1ccccc1	1	60	1.1	1.80	8.40	1	UCB
[Cu]I	OCCO	0.05	CCN(CC)CC	2	O1C(C)CCC1	0.5	80	1.5	0.63	6.27	1	UCB
[Cu]O[Cu]	C1CCC(C(C1)N)N	0.1	[I-].CCCC[N+](CCCC)(CCCC)CCCC	2	OCC	0.5	80	1.1	16.35	83.18	2	UCB
[Cu]I	C1CCC(C(C1)N)N	0.05	[I-].CCCC[N+](CCCC)(CCCC)CCCC	2	OCC	0.5	80	1.1	15.57	48.52	2	UCB
Br[Cu]	CC(C)(C)CC(=O)CC(=O)CC(C)(C)C	0.1	[K+].[OH-]	0.5	OCC	0.5	80	1.1	25.23	54.80	2	UCB
[O+]1C(C)O[Cu-3]23([OH2+])[O+]C(C)O[Cu-3]1([OH2+])(OC(C)[O+]2)OC(C)[O+]3	COc2cc(OC)c(NC(=O)C(=O)Nc1c(OC)cc(OC)cc1OC)c(OC)c2	0.05	[Na+].[O-]C(=O)C	1	CC(C)CO	1	60	1.5	5.3	14.66	2	UCB
[O+]1C(C)O[Cu-3]23([OH2+])[O+]C(C)O[Cu-3]1([OH2+])(OC(C)[O+]2)OC(C)[O+]3	CCN(CC)C(=O)c1ccccc1O	0.05	CCN(CC)CC	0.5	OCC	1	80	1.1	10.76	28.50	2	UCB
[Cu]O[Cu]	CC(C)C(=O)2CCCc1cccnc12	0.1	[Na+].[O-]C(=O)C	2	O1C(C)CCC1	0.5	80	1.5	4.29	12.07	2	UCB
[Cu]O[Cu]	CCN(CC)C(=O)c1ccccc1O	0.1	C(=O)([O-])[O-].[K+].[K+]	1	OCC	0.5	60	1.1	2.95	23.38	2	UCB
Cl[Cu]	C1C[C@H](NC1)C(=O)O	0.1	[Na+].[O-]C(=O)C	1	O1C(C)CCC1	0.5	60	1.5	0.39	6.15	2	UCB
[Cu]O[Cu]	C1CCC(C(C1)N)N	0.1	[K+].[OH-]	0.5	OCC	1	80	1.5	8.82	87.22	3	UCB
Br[Cu]	C1CCC(C(C1)N)N	0.05	[I-].CCCC[N+](CCCC)(CCCC)CCCC	0.5	OCC	1	80	1.1	25.04	64.75	3	UCB
Br[Cu]	O=n2cccc1cccc(O)c12	0.1	C(=O)([O-])[O-].[K+].[K+]	0.5	CC(C)CO	1	80	1.5	45.27	75.70	3	UCB
[Cu]O[Cu]	Cc2ccc(C(O)(c1ccc[nH]1)C(F)(F)F)cc2	0.1	[I-].CCCC[N+](CCCC)(CCCC)CCCC	1	O1C(C)CCC1	1	60	1.5	29.29	98.49	3	UCB
[Cu]O[Cu]	Cc2ccc1ccccc1c2NC(=O)C(=O)NCc3ccccc3	0.05	C(=O)([O-])[O-].[K+].[K+]	1	CS(=O)C	0.5	80	1.1	54.48	96.40	3	UCB
Br[Cu]	Cc2ccc(C(O)(c1ccc[nH]1)C(F)(F)F)cc2	0.05	[Cs+].[Cs+].[O-]C([O-])=O	1	O1C(C)CCC1	1	60	1.5	10.18	15.09	3	UCB
[Cu]I	CC(C)(C)CC(=O)CC(=O)CC(C)(C)C	0.1	NaOtBu	2	ACN	1	60	1.5	4.5	85.65	3	UCB
[Cu]I	OCCO	0.1	[K+].[OH-]	2	ACN	1	80	1.1	5.91	95.68	3	UCB
[Cu]O[Cu]	Cc2ccc1ccccc1c2NC(=O)C(=O)NCc3ccccc3	0.05	C(=O)([O-])[O-].[K+].[K+]	0.5	CS(=O)C	0.5	80	1.1	39.26	60.69	4	UCB
Br[Cu]	Cc1cccc(C)c1NC(=O)C(=O)O	0.1	C(=O)([O-])[O-].[K+].[K+]	0.5	CS(=O)C	1	80	1.1	25.49	31.25	4	UCB
Br[Cu]	COc2cc(OC)c(NC(=O)C(=O)Nc1c(OC)cc(OC)cc1OC)c(OC)c2	0.1	[K+].[K+].[K+].[O-]P([O-])([O-])=O	2	CS(=O)C	0.5	80	1.1	55.82	80.46	4	UCB
Cl[Cu]	CCN(CC)C(=O)c1ccccc1O	0.05	[K+].[K+].[K+].[O-]P([O-])([O-])=O	0.5	O1C(C)CCC1	0.5	80	1.5	9.11	1.95	4	UCB
[O+]1C(C)O[Cu-3]23([OH2+])[O+]C(C)O[Cu-3]1([OH2+])(OC(C)[O+]2)OC(C)[O+]3	CCN(CC)C(=O)c1ccccc1O	0.05	[K+].[OH-]	1	OCC	1	60	1.1	26.67	74.67	4	UCB
Cl[Cu]	Cc2ccc1ccccc1c2NC(=O)C(=O)NCc3ccccc3	0.05	NaOtBu	1	OCC	1	60	1.1	26.70	88.25	4	UCB
[Cu]O[Cu]	C1CCC(C(C1)N)N	0.05	[K+].[OH-]	2	OCC	0.5	60	1.5	32.34	100.00	4	UCB
[Cu]I	CN(C)CCO	0.05	[Cs+].[Cs+].[O-]C([O-])=O	0.5	ACN	1	80	1.1	6.56	33.84	4	UCB
Br[Cu]	COc2cc(OC)c(NC(=O)C(=O)Nc1c(OC)cc(OC)cc1OC)c(OC)c2	0.1	C(=O)([O-])[O-].[K+].[K+]	2	CS(=O)C	0.5	80	1.1	66.90	69.89	5	UCB
Br[Cu]	O=n2cccc1cccc(O)c12	0.1	[K+].[K+].[K+].[O-]P([O-])([O-])=O	1	CS(=O)C	0.5	80	1.1	48.73	84.87	5	UCB
[Cu]O[Cu]	COc2cc(OC)c(NC(=O)C(=O)Nc1c(OC)cc(OC)cc1OC)c(OC)c2	0.05	C(=O)([O-])[O-].[K+].[K+]	2	CC(C)CO	0.5	80	1.5	47.50	60.66	5	UCB
[Cu]O[Cu]	CC(C)C(=O)2CCCc1cccnc12	0.05	[K+].[K+].[K+].[O-]P([O-])([O-])=O	1	ACN	1	80	1.5	7.33	21.98	5	UCB
Br[Cu]	CC(C)C(=O)2CCCc1cccnc12	0.1	C(=O)([O-])[O-].[K+].[K+]	0.5	O1C(C)CCC1	1	60	1.5	23.59	56.79	5	UCB
[Cu]O[Cu]	Cc1cccc(C)c1NC(=O)C(=O)O	0.05	[K+].[OH-]	2	ACN	0.5	60	1.1	2.90	56.73	5	UCB
[Cu]I	O=n2cccc1cccc(O)c12	0.1	[K+].[K+].[K+].[O-]P([O-])([O-])=O	1	CS(=O)C	0.5	60	1.1	56.48	80.62	5	UCB
[Cu]O[Cu]	CC(C)(C)CC(=O)CC(=O)CC(C)(C)C	0.1	[K+].[K+].[K+].[O-]P([O-])([O-])=O	1	CS(=O)C	0.5	80	1.5	42.81	57.96	5	UCB
[Cu]O[Cu]	COc2cc(OC)c(NC(=O)C(=O)Nc1c(OC)cc(OC)cc1OC)c(OC)c2	0.1	C(=O)([O-])[O-].[K+].[K+]	2	CS(=O)C	1	80	1.5	78.18	98.86	6	UCB
Br[Cu]	O=n2cccc1cccc(O)c12	0.1	C(=O)([O-])[O-].[K+].[K+]	2	CC(C)CO	0.5	80	1.5	21.94	56.58	6	UCB
Br[Cu]	COc2cc(OC)c(NC(=O)C(=O)Nc1c(OC)cc(OC)cc1OC)c(OC)c2	0.05	NaOtBu	2	Cc1ccccc1	0.5	80	1.5	18.17	63.16	6	UCB
Cl[Cu]	Cc2ccc(C(O)(c1ccc[nH]1)C(F)(F)F)cc2	0.05	NaOtBu	1	CS(=O)C	1	80	1.5	10.49	94.19	6	UCB
[Cu]O[Cu]	CCN(CC)C(=O)c1ccccc1O	0.1	[I-].CCCC[N+](CCCC)(CCCC)CCCC	2	CS(=O)C	1	60	1.5	25.92	56.53	6	UCB
Cl[Cu]	Cc2ccc1ccccc1c2NC(=O)C(=O)NCc3ccccc3	0.05	[I-].CCCC[N+](CCCC)(CCCC)CCCC	1	ACN	0.5	80	1.5	9.79	41.04	6	UCB
[O+]1C(C)O[Cu-3]23([OH2+])[O+]C(C)O[Cu-3]1([OH2+])(OC(C)[O+]2)OC(C)[O+]3	CCN(CC)C(=O)c1ccccc1O	0.1	[K+].[K+].[K+].[O-]P([O-])([O-])=O	1	ACN	0.5	80	1.1	5.45	46.02	6	UCB
Cl[Cu]	O=n2cccc1cccc(O)c12	0.05	[I-].CCCC[N+](CCCC)(CCCC)CCCC	0.5	CC(C)CO	0.5	60	1.1	11.74	32.22	6	UCB
[Cu]O[Cu]	COc2cc(OC)c(NC(=O)C(=O)Nc1c(OC)cc(OC)cc1OC)c(OC)c2	0.1	C(=O)([O-])[O-].[K+].[K+]	2	CS(=O)C	0.5	80	1.5	70.23	100.00	7	UCB
[Cu]O[Cu]	C1CCC(C(C1)N)N	0.1	C(=O)([O-])[O-].[K+].[K+]	2	CS(=O)C	1	80	1.1	24.10	43.03	7	UCB
[Cu]I	Cc2ccc1ccccc1c2NC(=O)C(=O)NCc3ccccc3	0.05	C(=O)([O-])[O-].[K+].[K+]	2	CC(C)CO	1	60	1.5	51.88	82.80	7	UCB
Cl[Cu]	OCCO	0.05	CCN(CC)CC	2	Cc1ccccc1	0.5	80	1.1	1.86	31.57	7	UCB
[Cu]I	CC(C)(C)CC(=O)CC(=O)CC(C)(C)C	0.1	C(=O)([O-])[O-].[K+].[K+]	0.5	ACN	1	60	1.1	10.83	30.43	7	UCB
[O+]1C(C)O[Cu-3]23([OH2+])[O+]C(C)O[Cu-3]1([OH2+])(OC(C)[O+]2)OC(C)[O+]3	Cc2ccc1ccccc1c2NC(=O)C(=O)NCc3ccccc3	0.05	[Cs+].[Cs+].[O-]C([O-])=O	0.5	OCC	0.5	80	1.5	52.42	74.29	7	UCB
[Cu]O[Cu]	CC(C)(C)CC(=O)CC(=O)CC(C)(C)C	0.05	NaOtBu	1	OCC	1	80	1.1	38.37	100.00	7	UCB
[Cu]I	Cc2ccc(C(O)(c1ccc[nH]1)C(F)(F)F)cc2	0.1	C(=O)([O-])[O-].[K+].[K+]	2	CS(=O)C	0.5	80	1.1	47.07	65.46	7	UCB
[Cu]O[Cu]	COc2cc(OC)c(NC(=O)C(=O)Nc1c(OC)cc(OC)cc1OC)c(OC)c2	0.1	[K+].[OH-]	2	CS(=O)C	0.5	80	1.1	9.57	100.00	8	UCB
[Cu]O[Cu]	Cc2ccc1ccccc1c2NC(=O)C(=O)NCc3ccccc3	0.1	C(=O)([O-])[O-].[K+].[K+]	1	CS(=O)C	1	80	1.5	71.22	100.00	8	UCB
[Cu]I	Cc2ccc1ccccc1c2NC(=O)C(=O)NCc3ccccc3	0.05	[K+].[OH-]	0.5	CS(=O)C	1	60	1.5	38.58	54.59	8	UCB
[O+]1C(C)O[Cu-3]23([OH2+])[O+]C(C)O[Cu-3]1([OH2+])(OC(C)[O+]2)OC(C)[O+]3	Cc1cccc(C)c1NC(=O)C(=O)O	0.05	[K+].[K+].[K+].[O-]P([O-])([O-])=O	0.5	ACN	1	80	1.1	49.85	71.92	8	UCB
[Cu]I	Cc2ccc(C(O)(c1ccc[nH]1)C(F)(F)F)cc2	0.1	C(=O)([O-])[O-].[K+].[K+]	2	Cc1ccccc1	0.5	80	1.5	26.13	42.86	8	UCB
[Cu]O[Cu]	CC(C)(C)CC(=O)CC(=O)CC(C)(C)C	0.1	C(=O)([O-])[O-].[K+].[K+]	0.5	CS(=O)C	1	60	1.5	59.25	88.01	8	UCB
[Cu]I	CC(C)C(=O)2CCCc1cccnc12	0.1	NaOtBu	2	CC(C)CO	0.5	80	1.5	0.77	100.00	8	UCB
Br[Cu]	Cc2ccc1ccccc1c2NC(=O)C(=O)NCc3ccccc3	0.05	[Na+].[O-]C(=O)C	1	Cc1ccccc1	0.5	80	1.5	10.72	37.66	8	UCB
[Cu]O[Cu]	Cc1cccc(C)c1NC(=O)C(=O)O	0.1	C(=O)([O-])[O-].[K+].[K+]	2	CS(=O)C	0.5	80	1.5	63.53	93.96	9	UCB
[Cu]O[Cu]	CC(C)(C)CC(=O)CC(=O)CC(C)(C)C	0.1	C(=O)([O-])[O-].[K+].[K+]	1	CS(=O)C	1	80	1.1	45.67	97.86	9	UCB
[Cu]I	OCCO	0.1	C(=O)([O-])[O-].[K+].[K+]	2	CS(=O)C	0.5	60	1.5	42.19	62.02	9	UCB
Br[Cu]	Cc2ccc1ccccc1c2NC(=O)C(=O)NCc3ccccc3	0.1	C(=O)([O-])[O-].[K+].[K+]	1	OCC	1	80	1.1	61.66	87.63	9	UCB
[Cu]I	OCCO	0.1	[K+].[OH-]	0.5	CS(=O)C	0.5	60	1.5	8.41	45.29	9	UCB
Cl[Cu]	OCCO	0.1	[K+].[OH-]	2	OCC	0.5	60	1.5	0.00	100.00	9	UCB
[O+]1C(C)O[Cu-3]23([OH2+])[O+]C(C)O[Cu-3]1([OH2+])(OC(C)[O+]2)OC(C)[O+]3	Cc2ccc1ccccc1c2NC(=O)C(=O)NCc3ccccc3	0.1	C(=O)([O-])[O-].[K+].[K+]	0.5	ACN	1	80	1.1	43.53	54.23	9	UCB
Br[Cu]	COc2cc(OC)c(NC(=O)C(=O)Nc1c(OC)cc(OC)cc1OC)c(OC)c2	0.1	[Na+].[O-]C(=O)C	0.5	OCC	1	60	1.1	10.83	16.64	9	UCB
[Cu]I	COc2cc(OC)c(NC(=O)C(=O)Nc1c(OC)cc(OC)cc1OC)c(OC)c2	0.05	C(=O)([O-])[O-].[K+].[K+]	2	CS(=O)C	1	80	1.5	74.90	83.78	10	UCB
Br[Cu]	COc2cc(OC)c(NC(=O)C(=O)Nc1c(OC)cc(OC)cc1OC)c(OC)c2	0.05	C(=O)([O-])[O-].[K+].[K+]	2	CS(=O)C	0.5	80	1.5	67.80	76.69	10	UCB
Br[Cu]	CN(C)CCO	0.05	[K+].[K+].[K+].[O-]P([O-])([O-])=O	2	CS(=O)C	0.5	60	1.5	8.12	30.93	10	UCB
[Cu]I	CN(C)CCO	0.1	[Cs+].[Cs+].[O-]C([O-])=O	0.5	O1C(C)CCC1	1	80	1.1	3.73	21.67	10	UCB
Cl[Cu]	Cc1cccc(C)c1NC(=O)C(=O)O	0.05	C(=O)([O-])[O-].[K+].[K+]	1	O1C(C)CCC1	0.5	80	1.5	1.18	01.07	10	UCB
Br[Cu]	CN(C)CCO	0.05	[K+].[OH-]	2	CC(C)CO	1	60	1.5	0.00	100.00	10	UCB
Cl[Cu]	CC(C)C(=O)2CCCc1cccnc12	0.05	CCN(CC)CC	1	Cc1ccccc1	0.5	80	1.1	0.45	17.05	10	UCB
Cl[Cu]	CN(C)CCO	0.1	[Cs+].[Cs+].[O-]C([O-])=O	1	CC(C)CO	1	60	1.5	4.74	55.10	10	UCB